[{"model": "RDM.project", "pk": 1, "fields": {"modified_date": "2020-03-01T14:10:40.955Z", "name": "Default", "user": 1, "auth": "private", "results": false, "preferences": {"cdb": ["Distributed Loads", "Section", "Release"], "cdn": ["Point Loads", "Support"]}, "variables": {}}}, {"model": "RDM.project", "pk": 2, "fields": {"modified_date": "2020-03-01T11:24:09.671Z", "name": "project 1", "user": 1, "auth": "public", "results": true, "preferences": {"cdb": ["Distributed Loads", "Section", "Release"], "cdn": ["Point Loads", "Support"]}, "variables": {"u2": "0.0", "w1": "-0.0020833333333", "w2": "0.0020833333333"}}}, {"model": "RDM.project", "pk": 3, "fields": {"modified_date": "2020-03-01T13:39:38.596Z", "name": "Truss Structure", "user": 1, "auth": "public", "results": false, "preferences": {"cdb": ["Distributed Loads", "Section", "Release"], "cdn": ["Point Loads", "Support"]}, "variables": {"u2": "-0.0003767660911", "u3": "-0.0007535321821", "u4": "-0.0010172684458", "u5": "-0.0007726458049", "u6": "-0.0002897460736", "v2": "-0.0022673285637", "v3": "-0.0018163383173", "v5": "-0.0020827131791", "v6": "-0.0014734811744", "wf1": "-0.0011336642819", "wf2": "0.0002254951232", "wf3": "0.0009081691586", "wf4": "-0.0002827712242", "wf5": "0.0002318930543", "wf6": "-0.000880391021", "wf7": "8.48977604e-05", "wf8": "0.0003459183138", "wf9": "0.0005502508867", "wi1": "-0.0011336642819", "wi2": "0.0002254951232", "wi3": "0.0009081691586", "wi4": "-0.0002827712242", "wi5": "0.0002318930543", "wi6": "-0.000880391021", "wi7": "8.48977604e-05", "wi8": "0.0003459183138", "wi9": "0.0005502508867"}}}, {"model": "RDM.project", "pk": 4, "fields": {"modified_date": "2020-03-01T11:21:37.426Z", "name": "Frame Structure", "user": 1, "auth": "public", "results": true, "preferences": {"cdb": ["Distributed Loads", "Section", "Release"], "cdn": ["Point Loads", "Support"]}, "variables": {"u1": "-0.0207430820262", "u2": "-0.0100096411527", "u3": "-0.0100096411527", "u5": "-0.0145240836872", "u6": "-0.0100096411527", "u7": "-0.0056273472284", "v2": "-0.0107784413977", "v3": "-0.0100319229657", "v5": "-0.0062476151772", "v6": "-0.0130476187791", "v7": "-0.0056354298468", "w1": "-0.0032701452159", "w2": "-0.0016250876664", "w3": "0.0017154741555", "w4": "0.0029246617561", "w5": "-0.0028096697053", "w6": "0.0001738197879", "w7": "0.0025977592943"}}}, {"model": "RDM.project", "pk": 5, "fields": {"modified_date": "2020-03-01T11:23:53.044Z", "name": "Beams with Internal Hinges", "user": 1, "auth": "public", "results": false, "preferences": {"cdb": ["Distributed Loads", "Section", "Release"], "cdn": ["Point Loads", "Support"]}, "variables": {}}}, {"model": "RDM.support", "pk": 1, "fields": {"modified_date": "2020-01-14T21:24:24.084Z", "project": 1, "name": "None", "UX": false, "UZ": false, "RY": false}}, {"model": "RDM.support", "pk": 2, "fields": {"modified_date": "2020-01-14T21:24:24.147Z", "project": 1, "name": "Roller Z", "UX": true, "UZ": false, "RY": false}}, {"model": "RDM.support", "pk": 3, "fields": {"modified_date": "2020-01-14T21:24:24.184Z", "project": 1, "name": "Roller X", "UX": false, "UZ": true, "RY": false}}, {"model": "RDM.support", "pk": 4, "fields": {"modified_date": "2020-01-14T21:24:24.229Z", "project": 1, "name": "Pinned", "UX": true, "UZ": true, "RY": false}}, {"model": "RDM.support", "pk": 5, "fields": {"modified_date": "2020-01-14T21:24:24.282Z", "project": 1, "name": "Fixed", "UX": true, "UZ": true, "RY": true}}, {"model": "RDM.node", "pk": 1, "fields": {"modified_date": "2020-03-01T11:20:49.981Z", "project": 2, "Support": 4, "name": 1, "X": 0.0, "Z": 0.0, "Fn": "[\"0.0\", \"0.0\", \"0.0\"]", "Dp": "[\"0.0\", \"0.0\", \"-0.00208333333333332\"]", "Rc": "[\"0.0\", \"0.0400000000000002\", \"0.0\"]"}}, {"model": "RDM.node", "pk": 2, "fields": {"modified_date": "2020-03-01T11:20:49.989Z", "project": 2, "Support": 3, "name": 2, "X": 4.0, "Z": 0.0, "Fn": "[\"0.0\", \"0.0\", \"0.0\"]", "Dp": "[\"0.0\", \"0.0\", \"0.00208333333333333\"]", "Rc": "[\"0.0\", \"0.0399999999999998\", \"0.0\"]"}}, {"model": "RDM.node", "pk": 3, "fields": {"modified_date": "2020-03-01T11:21:17.031Z", "project": 3, "Support": 4, "name": 1, "X": 0.0, "Z": 0.0, "Fn": "[\"0.0\", \"-0.018\", \"0.0\"]", "Dp": "[\"0.0\", \"0.0\", \"0.0\"]", "Rc": "[\"1.38777878078145e-17\", \"0.054\", \"0.0\"]"}}, {"model": "RDM.node", "pk": 4, "fields": {"modified_date": "2020-03-01T11:21:17.046Z", "project": 3, "Support": 1, "name": 2, "X": 2.0, "Z": 0.0, "Fn": "[\"0.0\", \"-0.036\", \"0.0\"]", "Dp": "[\"-0.000376766091051805\", \"-0.00226732856372917\", \"0.0\"]", "Rc": "[\"0.0\", \"0.0\", \"0.0\"]"}}, {"model": "RDM.node", "pk": 5, "fields": {"modified_date": "2020-03-01T11:21:17.057Z", "project": 3, "Support": 1, "name": 3, "X": 4.0, "Z": 0.0, "Fn": "[\"0.0\", \"-0.036\", \"0.0\"]", "Dp": "[\"-0.000753532182103611\", \"-0.00181633831726721\", \"0.0\"]", "Rc": "[\"0.0\", \"0.0\", \"0.0\"]"}}, {"model": "RDM.node", "pk": 6, "fields": {"modified_date": "2020-03-01T11:21:17.068Z", "project": 3, "Support": 3, "name": 4, "X": 6.0, "Z": 0.0, "Fn": "[\"0.0\", \"0.0\", \"0.0\"]", "Dp": "[\"-0.00101726844583987\", \"0.0\", \"0.0\"]", "Rc": "[\"0.0\", \"0.036\", \"0.0\"]"}}, {"model": "RDM.node", "pk": 7, "fields": {"modified_date": "2020-03-01T11:21:17.079Z", "project": 3, "Support": 1, "name": 5, "X": 2.0, "Z": -1.4, "Fn": "[\"0.0\", \"0.0\", \"0.0\"]", "Dp": "[\"-0.000772645804942231\", \"-0.00208271317911379\", \"0.0\"]", "Rc": "[\"0.0\", \"0.0\", \"0.0\"]"}}, {"model": "RDM.node", "pk": 8, "fields": {"modified_date": "2020-03-01T13:39:38.545Z", "project": 3, "Support": 1, "name": 6, "X": 4.0, "Z": -2.0, "Fn": "[\"0.0\", \"0.0\", \"0.0\"]", "Dp": "[\"-0.000289746073560674\", \"-0.00147348117441006\", \"0.0\"]", "Rc": "[\"0.0\", \"0.0\", \"0.0\"]"}}, {"model": "RDM.node", "pk": 9, "fields": {"modified_date": "2020-03-01T11:21:37.211Z", "project": 4, "Support": 3, "name": 1, "X": 0.0, "Z": 0.0, "Fn": "[\"0.0\", \"0.0\", \"0.0\"]", "Dp": "[\"-0.0207430820262033\", \"0.0\", \"-0.00327014521593256\"]", "Rc": "[\"0.0\", \"0.0467857142857064\", \"0.0\"]"}}, {"model": "RDM.node", "pk": 10, "fields": {"modified_date": "2020-03-01T11:21:37.225Z", "project": 4, "Support": 1, "name": 2, "X": 4.0, "Z": 4.0, "Fn": "[\"0.0\", \"0.0\", \"0.0\"]", "Dp": "[\"-0.0100096411527034\", \"-0.0107784413977371\", \"-0.00162508766640192\"]", "Rc": "[\"0.0\", \"0.0\", \"0.0\"]"}}, {"model": "RDM.node", "pk": 11, "fields": {"modified_date": "2020-03-01T11:21:37.236Z", "project": 4, "Support": 1, "name": 3, "X": 10.0, "Z": 4.0, "Fn": "[\"0.0\", \"0.0\", \"0.0\"]", "Dp": "[\"-0.0100096411527033\", \"-0.0100319229656752\", \"0.00171547415554959\"]", "Rc": "[\"0.0\", \"0.0\", \"0.0\"]"}}, {"model": "RDM.node", "pk": 12, "fields": {"modified_date": "2020-03-01T11:21:37.247Z", "project": 4, "Support": 4, "name": 4, "X": 14.0, "Z": 0.0, "Fn": "[\"0.0\", \"0.0\", \"0.0\"]", "Dp": "[\"0.0\", \"0.0\", \"0.00292466175605942\"]", "Rc": "[\"0.0100000000000141\", \"0.0232142857142866\", \"0.0\"]"}}, {"model": "RDM.node", "pk": 13, "fields": {"modified_date": "2020-03-01T11:21:37.258Z", "project": 4, "Support": 1, "name": 5, "X": 2.0, "Z": 2.0, "Fn": "[\"0.0\", \"-0.02\", \"0.0\"]", "Dp": "[\"-0.0145240836872253\", \"-0.00624761517720653\", \"-0.00280966970527332\"]", "Rc": "[\"0.0\", \"0.0\", \"0.0\"]"}}, {"model": "RDM.node", "pk": 14, "fields": {"modified_date": "2020-03-01T11:21:37.269Z", "project": 4, "Support": 1, "name": 6, "X": 7.0, "Z": 4.0, "Fn": "[\"0.0\", \"-0.02\", \"0.0\"]", "Dp": "[\"-0.0100096411527033\", \"-0.0130476187791482\", \"0.000173819787941325\"]", "Rc": "[\"0.0\", \"0.0\", \"0.0\"]"}}, {"model": "RDM.node", "pk": 15, "fields": {"modified_date": "2020-03-01T11:21:37.280Z", "project": 4, "Support": 1, "name": 7, "X": 12.0, "Z": 2.0, "Fn": "[\"-0.01\", \"0.0\", \"0.0\"]", "Dp": "[\"-0.00562734722839292\", \"-0.00563542984682387\", \"0.00259775929429371\"]", "Rc": "[\"0.0\", \"0.0\", \"0.0\"]"}}, {"model": "RDM.node", "pk": 16, "fields": {"modified_date": "2020-03-01T09:45:22.033Z", "project": 5, "Support": 4, "name": 1, "X": 0.0, "Z": 0.0, "Fn": "[\"0.0\", \"0.0\", \"0.0\"]", "Dp": "[\"0.0\", \"0.0\", \"-0.0016280897179696\"]", "Rc": "[\"-0.012500000000003\", \"0.0958333333333289\", \"0.0\"]"}}, {"model": "RDM.node", "pk": 17, "fields": {"modified_date": "2020-03-01T09:45:22.045Z", "project": 5, "Support": 1, "name": 2, "X": 0.0, "Z": 5.0, "Fn": "[\"0.04\", \"0.0\", \"0.0\"]", "Dp": "[\"0.00814044858984777\", \"-0.000103621527327245\", \"-0.00180932679598329\"]", "Rc": "[\"0.0\", \"0.0\", \"0.0\"]"}}, {"model": "RDM.node", "pk": 18, "fields": {"modified_date": "2020-03-01T09:45:22.057Z", "project": 5, "Support": 1, "name": 3, "X": 3.0, "Z": 5.0, "Fn": "[\"0.0\", \"0.0\", \"0.0\"]", "Dp": "[\"0.00809016962267507\", \"-0.00559684726336187\", \"0.0\"]", "Rc": "[\"0.0\", \"0.0\", \"0.0\"]"}}, {"model": "RDM.node", "pk": 19, "fields": {"modified_date": "2020-03-01T09:45:22.067Z", "project": 5, "Support": 1, "name": 4, "X": 6.0, "Z": 5.0, "Fn": "[\"0.0\", \"0.0\", \"0.0\"]", "Dp": "[\"0.00803989065550237\", \"-0.000220758906045015\", \"0.000639361636270979\"]", "Rc": "[\"0.0\", \"0.0\", \"0.0\"]"}}, {"model": "RDM.node", "pk": 20, "fields": {"modified_date": "2020-03-01T11:23:53.028Z", "project": 5, "Support": 4, "name": 5, "X": 6.0, "Z": 0.0, "Fn": "[\"0.0\", \"0.0\", \"0.0\"]", "Dp": "[\"0.0\", \"0.0\", \"-0.0027316480147862\"]", "Rc": "[\"-0.0775000000000014\", \"0.204166666666671\", \"0.0\"]"}}, {"model": "RDM.pl", "pk": 1, "fields": {"modified_date": "2020-01-14T21:24:25.275Z", "project": 3, "name": "Q", "FX": 0.0, "FZ": -0.018, "CY": 0.0, "nodes": [3]}}, {"model": "RDM.pl", "pk": 2, "fields": {"modified_date": "2020-01-14T21:24:25.307Z", "project": 3, "name": "P", "FX": 0.0, "FZ": -0.036, "CY": 0.0, "nodes": [4, 5]}}, {"model": "RDM.pl", "pk": 3, "fields": {"modified_date": "2020-01-14T21:24:25.808Z", "project": 4, "name": "P", "FX": 0.0, "FZ": -0.02, "CY": 0.0, "nodes": [13, 14]}}, {"model": "RDM.pl", "pk": 4, "fields": {"modified_date": "2020-01-14T21:24:25.829Z", "project": 4, "name": "Q", "FX": -0.01, "FZ": 0.0, "CY": 0.0, "nodes": [15]}}, {"model": "RDM.pl", "pk": 5, "fields": {"modified_date": "2020-01-14T21:24:26.218Z", "project": 5, "name": "P", "FX": 0.04, "FZ": 0.0, "CY": 0.0, "nodes": [17]}}, {"model": "RDM.release", "pk": 1, "fields": {"modified_date": "2020-01-14T21:24:24.376Z", "project": 1, "name": "None", "UX1": false, "UZ1": false, "RY1": false, "UX2": false, "UZ2": false, "RY2": false}}, {"model": "RDM.release", "pk": 2, "fields": {"modified_date": "2020-01-14T21:24:24.384Z", "project": 1, "name": "F-P", "UX1": false, "UZ1": false, "RY1": false, "UX2": false, "UZ2": false, "RY2": true}}, {"model": "RDM.release", "pk": 3, "fields": {"modified_date": "2020-01-14T21:24:24.396Z", "project": 1, "name": "P-F", "UX1": false, "UZ1": false, "RY1": true, "UX2": false, "UZ2": false, "RY2": false}}, {"model": "RDM.release", "pk": 4, "fields": {"modified_date": "2020-01-14T21:24:24.408Z", "project": 1, "name": "P-P", "UX1": false, "UZ1": false, "RY1": true, "UX2": false, "UZ2": false, "RY2": true}}, {"model": "RDM.material", "pk": 1, "fields": {"modified_date": "2020-01-14T21:24:24.325Z", "project": 1, "name": "Steel", "YM": 210000.0, "Density": 0.077}}, {"model": "RDM.material", "pk": 2, "fields": {"modified_date": "2020-01-14T21:24:24.529Z", "project": 2, "name": "m1", "YM": 24000.0, "Density": 0.0}}, {"model": "RDM.material", "pk": 3, "fields": {"modified_date": "2020-01-14T21:24:25.084Z", "project": 3, "name": "m1", "YM": 210000.0, "Density": 0.0}}, {"model": "RDM.section", "pk": 1, "fields": {"modified_date": "2020-01-14T21:24:24.351Z", "project": 1, "name": "Default", "material": 1, "Ax": 0.01, "Iy": 0.0001, "H": 1.0, "Cy": 1.0, "type": "Custom", "features": {"H": 0.1, "Ax": 0.01, "Cy": 0.05, "Iy": 0.0001}}}, {"model": "RDM.section", "pk": 2, "fields": {"modified_date": "2020-01-14T21:24:24.719Z", "project": 2, "name": "s1", "material": 2, "Ax": 0.08, "Iy": 0.00106666666666667, "H": 1.0, "Cy": 1.0, "type": "Rectangular", "features": {"b": 0.2, "h": 0.4}}}, {"model": "RDM.section", "pk": 3, "fields": {"modified_date": "2020-01-14T21:24:25.228Z", "project": 3, "name": "s1", "material": 3, "Ax": 0.0013, "Iy": 9.20833333333335e-07, "H": 1.0, "Cy": 1.0, "type": "Rectangular_Hollow", "features": {"b": 0.07, "h": 0.07, "t": 0.005}}}, {"model": "RDM.section", "pk": 4, "fields": {"modified_date": "2020-01-14T21:24:25.781Z", "project": 4, "name": "s1", "material": 1, "Ax": 0.02202, "Iy": 0.001368461, "H": 1.0, "Cy": 1.0, "type": "I_Section", "features": {"b1": 0.3, "b2": 0.3, "hw": 0.54, "tw": 0.013000000000000001, "tf1": 0.025, "tf2": 0.025}}}, {"model": "RDM.section", "pk": 5, "fields": {"modified_date": "2020-01-14T21:24:26.167Z", "project": 5, "name": "s1", "material": 1, "Ax": 0.02202, "Iy": 0.001368461, "H": 1.0, "Cy": 1.0, "type": "I_Section", "features": {"b1": 0.3, "b2": 0.3, "hw": 0.54, "tw": 0.013000000000000001, "tf1": 0.025, "tf2": 0.025}}}, {"model": "RDM.bar", "pk": 1, "fields": {"modified_date": "2020-03-01T11:20:50.011Z", "project": 2, "name": 1, "N1": 1, "N2": 2, "Release": 1, "Section": 2, "L": 4.0, "Ch": "[\"0\", \"0\", \"0\"]", "Qg": "[\"0.0\", \"0.0\", \"-0.00208333333333332\", \"0.0\", \"0.0\", \"0.00208333333333333\"]", "Ql": "[\"0.0\", \"0.0\", \"-0.00208333333333332\", \"0.0\", \"0.0\", \"0.00208333333333333\"]", "Rg": "[\"0.0\", \"0.0400000000000002\", \"0.0\", \"0.0\", \"0.0399999999999998\", \"3.46944695195361e-18\"]", "Rl": "[\"0.0\", \"0.0400000000000002\", \"0.0\", \"0.0\", \"0.0399999999999998\", \"3.46944695195361e-18\"]", "EF": {"FX": "0.0", "FZ": "-0.02,0.04", "MY": "0.01,-0.04,0.0"}, "DP": {"RY": "-0.0001302083333,0.00078125,0.0,-0.0020833333333", "UX": "0.0", "UZ": "-3.25520833e-05,0.0002604166667,0.0,-0.0020833333333,0.0"}, "S": {"Sinf": "-9.375,37.5,0.0", "Ssup": "0.0"}, "EFm": {"FX": "0,4.0;0,0", "FZ": "0,4.0;0.0400000000000002,-0.0399999999999998", "MY": "0,2.00000000000000,4.0;0.0,-0.0400000000000004,-8.049116928532385e-16"}, "DPm": {"RY": "0,4.0;-0.00208333333333332,0.0020833333333334005", "UX": "0,4.0;0,0", "UZ": "0,2.00000000000000,4.0;0.0,-0.00260416666666663,1.0928757898653885e-16"}, "Sm": {"Sinf": "0,2.00000000000000,4.0;0.0,37.5000000000003,8.810729923425242e-13", "Ssup": "0,4.0;0,0"}}}, {"model": "RDM.bar", "pk": 2, "fields": {"modified_date": "2020-03-01T11:21:17.112Z", "project": 3, "name": 1, "N1": 3, "N2": 4, "Release": 4, "Section": 3, "L": 2.0, "Ch": "[\"0\", \"0\", \"0\"]", "Qg": "[\"0.0\", \"0.0\", \"-0.00113366428186458\", \"-0.000376766091051805\", \"-0.00226732856372917\", \"-0.00113366428186459\"]", "Ql": "[\"0.0\", \"0.0\", \"-0.00113366428186458\", \"-0.000376766091051805\", \"-0.00226732856372917\", \"-0.00113366428186459\"]", "Rg": "[\"0.0514285714285714\", \"-5.42101086242752e-20\", \"2.71050543121376e-20\", \"-0.0514285714285714\", \"-1.62630325872826e-19\", \"0.0\"]", "Rl": "[\"0.0514285714285714\", \"-5.42101086242752e-20\", \"2.71050543121376e-20\", \"-0.0514285714285714\", \"-1.62630325872826e-19\", \"0.0\"]", "EF": {"FX": "0.0514285714286", "FZ": "-0.0", "MY": "0.0,0.0"}, "DP": {"RY": "-0.0,-0.0,-0.0011336642819", "UX": "0.0001883830455,0.0", "UZ": "-0.0,-0.0,-0.0011336642819,0.0"}, "S": {"Sinf": "-0.0,39.5604395604", "Ssup": "39.5604395604"}, "EFm": {"FX": "0,2.0;0.0514285714285714,0.0514285714285714", "FZ": "0,2.0;-5.42101086242752e-20,-5.42101086242752e-20", "MY": "0,2.0;2.71050543121376e-20,1.35525271560688e-19"}, "DPm": {"RY": "0,2.0;-0.00113366428186458,-0.0011336642818645809", "UX": "0,2.0;0.0,0.000376766091051806", "UZ": "0,2.0;-0.0,-0.002267328563729161"}, "Sm": {"Sinf": "0,2.0;39.5604395604395,39.56043956043938", "Ssup": "0,2.0;39.5604395604395,39.5604395604395"}}}, {"model": "RDM.bar", "pk": 3, "fields": {"modified_date": "2020-03-01T11:21:17.130Z", "project": 3, "name": 2, "N1": 4, "N2": 5, "Release": 4, "Section": 3, "L": 2.0, "Ch": "[\"0\", \"0\", \"0\"]", "Qg": "[\"-0.000376766091051805\", \"-0.00226732856372917\", \"0.000225495123230983\", \"-0.000753532182103611\", \"-0.00181633831726721\", \"0.000225495123230984\"]", "Ql": "[\"-0.000376766091051805\", \"-0.00226732856372917\", \"0.000225495123230983\", \"-0.000753532182103611\", \"-0.00181633831726721\", \"0.000225495123230984\"]", "Rg": "[\"0.0514285714285715\", \"-1.89735380184963e-19\", \"-4.74338450462408e-20\", \"-0.0514285714285715\", \"-2.43945488809238e-19\", \"1.21972744404619e-19\"]", "Rl": "[\"0.0514285714285715\", \"-1.89735380184963e-19\", \"-4.74338450462408e-20\", \"-0.0514285714285715\", \"-2.43945488809238e-19\", \"1.21972744404619e-19\"]", "EF": {"FX": "0.0514285714286", "FZ": "-0.0", "MY": "0.0,-0.0"}, "DP": {"RY": "-0.0,0.0,0.0002254951232", "UX": "0.0001883830455,-0.0003767660911", "UZ": "-0.0,0.0,0.0002254951232,-0.0022673285637"}, "S": {"Sinf": "-0.0,39.5604395604", "Ssup": "39.5604395604"}, "EFm": {"FX": "0,2.0;0.0514285714285715,0.0514285714285715", "FZ": "0,2.0;-1.89735380184963e-19,-1.89735380184963e-19", "MY": "0,2.0;-4.74338450462408e-20,3.320369153236852e-19"}, "DPm": {"RY": "0,0.250000000000000,2.0;0.000225495123230983,0.000225495123230983,0.00022549512323098153", "UX": "0,2.0;-0.000376766091051805,1.0299920638612292e-18", "UZ": "0,2.0;-0.00226732856372917,-0.001816338317267205"}, "Sm": {"Sinf": "0,2.0;39.5604395604397,39.560439560439285", "Ssup": "0,2.0;39.5604395604396,39.5604395604396"}}}, {"model": "RDM.bar", "pk": 4, "fields": {"modified_date": "2020-03-01T11:21:17.243Z", "project": 3, "name": 3, "N1": 5, "N2": 6, "Release": 4, "Section": 3, "L": 2.0, "Ch": "[\"0\", \"0\", \"0\"]", "Qg": "[\"-0.000753532182103611\", \"-0.00181633831726721\", \"0.000908169158633602\", \"-0.00101726844583987\", \"0.0\", \"0.000908169158633605\"]", "Ql": "[\"-0.000753532182103611\", \"-0.00181633831726721\", \"0.000908169158633602\", \"-0.00101726844583987\", \"0.0\", \"0.000908169158633605\"]", "Rg": "[\"0.036\", \"-1.0842021724855e-19\", \"1.0842021724855e-19\", \"-0.036\", \"-1.0842021724855e-19\", \"-5.42101086242752e-20\"]", "Rl": "[\"0.036\", \"-1.0842021724855e-19\", \"1.0842021724855e-19\", \"-0.036\", \"-1.0842021724855e-19\", \"-5.42101086242752e-20\"]", "EF": {"FX": "0.036", "FZ": "-0.0", "MY": "0.0,0.0"}, "DP": {"RY": "-0.0,-0.0,0.0009081691586", "UX": "0.0001318681319,-0.0007535321821", "UZ": "-0.0,-0.0,0.0009081691586,-0.0018163383173"}, "S": {"Sinf": "-0.0,27.6923076923", "Ssup": "27.6923076923"}, "EFm": {"FX": "0,2.0;0.036,0.036", "FZ": "0,2.0;-1.0842021724855e-19,-1.0842021724855e-19", "MY": "0,2.0;1.0842021724855e-19,3.2526065174565e-19"}, "DPm": {"RY": "0,2.0;0.000908169158633602,0.0009081691586335999", "UX": "0,2.0;-0.000753532182103611,-0.0004897959183673469", "UZ": "0,2.0;-0.00181633831726721,-7.723603039304504e-18"}, "Sm": {"Sinf": "0,2.0;27.6923076923076,27.692307692307367", "Ssup": "0,2.0;27.6923076923077,27.6923076923077"}}}, {"model": "RDM.bar", "pk": 5, "fields": {"modified_date": "2020-03-01T11:21:17.144Z", "project": 3, "name": 4, "N1": 4, "N2": 7, "Release": 4, "Section": 3, "L": 1.4, "Ch": "[\"0\", \"0\", \"0\"]", "Qg": "[\"-0.000376766091051805\", \"-0.00226732856372917\", \"-0.000282771224207446\", \"-0.000772645804942231\", \"-0.00208271317911379\", \"-0.000282771224207447\"]", "Ql": "[\"0.00226732856372917\", \"-0.000376766091051805\", \"-0.000282771224207446\", \"0.00208271317911379\", \"-0.000772645804942231\", \"-0.000282771224207447\"]", "Rg": "[\"0.0\", \"-0.0360000000000001\", \"8.13151629364128e-20\", \"2.16840434497101e-19\", \"0.0360000000000001\", \"0.0\"]", "Rl": "[\"0.0360000000000001\", \"0.0\", \"8.13151629364128e-20\", \"-0.0360000000000001\", \"2.16840434497101e-19\", \"0.0\"]", "EF": {"FX": "0.036", "FZ": "0.0", "MY": "0.0"}, "DP": {"RY": "-0.0,-0.0002827712242", "UX": "0.0001318681319,0.0022673285637", "UZ": "-0.0,-0.0002827712242,-0.0003767660911"}, "S": {"Sinf": "27.6923076923", "Ssup": "27.6923076923"}, "EFm": {"FX": "0,1.4;0.0360000000000001,0.0360000000000001", "FZ": "0,1.4;0,0", "MY": "0,1.4;8.13151629364128e-20,8.13151629364128e-20"}, "DPm": {"RY": "0,1.4;-0.000282771224207446,-0.0002827712242074466", "UX": "0,1.4;0.00226732856372917,0.0024519439483445546", "UZ": "0,1.4;-0.000376766091051805,-0.0007726458049422298"}, "Sm": {"Sinf": "0,1.4;27.6923076923077,27.6923076923077", "Ssup": "0,1.4;27.6923076923078,27.6923076923078"}}}, {"model": "RDM.bar", "pk": 6, "fields": {"modified_date": "2020-03-01T11:21:17.229Z", "project": 3, "name": 5, "N1": 5, "N2": 8, "Release": 4, "Section": 3, "L": 2.0, "Ch": "[\"0\", \"0\", \"0\"]", "Qg": "[\"-0.000753532182103611\", \"-0.00181633831726721\", \"0.000231893054271468\", \"-0.000289746073560674\", \"-0.00147348117441006\", \"0.000231893054271469\"]", "Ql": "[\"0.00181633831726721\", \"-0.000753532182103611\", \"0.000231893054271468\", \"0.00147348117441006\", \"-0.000289746073560674\", \"0.000231893054271469\"]", "Rg": "[\"0.0\", \"-0.0468\", \"2.71050543121376e-20\", \"-8.13151629364128e-20\", \"0.0468\", \"6.7762635780344e-20\"]", "Rl": "[\"0.0468\", \"0.0\", \"2.71050543121376e-20\", \"-0.0468\", \"-8.13151629364128e-20\", \"6.7762635780344e-20\"]", "EF": {"FX": "0.0468", "FZ": "0.0", "MY": "0.0"}, "DP": {"RY": "-0.0,0.0002318930543", "UX": "0.0001714285714,0.0018163383173", "UZ": "-0.0,0.0002318930543,-0.0007535321821"}, "S": {"Sinf": "36.0", "Ssup": "36.0"}, "EFm": {"FX": "0,2.0;0.0468,0.0468", "FZ": "0,2.0;0,0", "MY": "0,2.0;2.71050543121376e-20,2.71050543121376e-20"}, "DPm": {"RY": "0,2.0;0.000231893054271468,0.00023189305427146774", "UX": "0,2.0;0.00181633831726721,0.002159195460124352", "UZ": "0,2.0;-0.000753532182103611,-0.0002897460735606752"}, "Sm": {"Sinf": "0,2.0;36.0,36.0", "Ssup": "0,2.0;36.0,36.0"}}}, {"model": "RDM.bar", "pk": 7, "fields": {"modified_date": "2020-03-01T11:21:17.163Z", "project": 3, "name": 6, "N1": 3, "N2": 7, "Release": 4, "Section": 3, "L": 2.44131112314674, "Ch": "[\"0\", \"0\", \"0\"]", "Qg": "[\"0.0\", \"0.0\", \"-0.000880391020997758\", \"-0.000772645804942231\", \"-0.00208271317911379\", \"-0.000880391020997785\"]", "Ql": "[\"0.0\", \"0.0\", \"-0.000880391020997758\", \"0.00056138147566719\", \"-0.00214930839228037\", \"-0.000880391020997785\"]", "Rg": "[\"-0.0514285714285714\", \"0.036\", \"-8.13151629364128e-20\", \"0.0514285714285714\", \"-0.036\", \"-5.42101086242752e-20\"]", "Rl": "[\"-0.062776571738059\", \"1.0842021724855e-19\", \"-8.13151629364128e-20\", \"0.062776571738059\", \"-3.25260651745651e-19\", \"-5.42101086242752e-20\"]", "EF": {"FX": "-0.0627765717381", "FZ": "0.0", "MY": "-0.0,-0.0"}, "DP": {"RY": "0.0,0.0,-0.000880391021", "UX": "-0.0002299508122,0.0", "UZ": "0.0,0.0,-0.000880391021,0.0"}, "S": {"Sinf": "0.0,-48.2896705677", "Ssup": "-48.2896705677"}, "EFm": {"FX": "0,2.4413111231467406;-0.062776571738059,-0.062776571738059", "FZ": "0,2.4413111231467406;1.0842021724855e-19,1.0842021724855e-19", "MY": "0,2.4413111231467406;-8.13151629364128e-20,-3.46002645279284e-19"}, "DPm": {"RY": "0,2.4413111231467406;-0.000880391020997758,-0.0008803910209977554", "UX": "0,2.4413111231467406;-0.0,-0.0005613814756671887", "UZ": "0,2.4413111231467406;0.0,-0.0021493083922803397"}, "Sm": {"Sinf": "0,2.4413111231467406;-48.2896705677376,-48.28967056773732", "Ssup": "0,2.4413111231467406;-48.2896705677377,-48.2896705677377"}}}, {"model": "RDM.bar", "pk": 8, "fields": {"modified_date": "2020-03-01T11:21:17.179Z", "project": 3, "name": 7, "N1": 7, "N2": 5, "Release": 4, "Section": 3, "L": 2.44131112314674, "Ch": "[\"0\", \"0\", \"0\"]", "Qg": "[\"-0.000772645804942231\", \"-0.00208271317911379\", \"8.48977603555521e-05\", \"-0.000753532182103611\", \"-0.00181633831726721\", \"8.48977603555545e-05\"]", "Ql": "[\"-0.0018273336889948\", \"-0.00126314184295104\", \"8.48977603555521e-05\", \"-0.00165891924629464\", \"-0.00105587999626478\", \"8.48977603555545e-05\"]", "Rg": "[\"-0.0154285714285714\", \"-0.0108\", \"6.7762635780344e-20\", \"0.0154285714285714\", \"0.0108\", \"3.72694496791892e-20\"]", "Rl": "[\"-0.0188329715214177\", \"-2.71050543121376e-20\", \"6.7762635780344e-20\", \"0.0188329715214177\", \"-7.11507675693612e-20\", \"3.72694496791892e-20\"]", "EF": {"FX": "-0.0188329715214", "FZ": "-0.0", "MY": "0.0,0.0"}, "DP": {"RY": "-0.0,-0.0,8.48977604e-05", "UX": "-6.89852437e-05,-0.001827333689", "UZ": "-0.0,-0.0,8.48977604e-05,-0.001263141843"}, "S": {"Sinf": "-0.0,-14.4869011703", "Ssup": "-14.4869011703"}, "EFm": {"FX": "0,2.4413111231467406;-0.0188329715214177,-0.0188329715214177", "FZ": "0,2.4413111231467406;-2.71050543121376e-20,-2.71050543121376e-20", "MY": "0,2.4413111231467406;6.7762635780344e-20,1.3393450636606205e-19"}, "DPm": {"RY": "0,2.4413111231467406;8.48977603555521e-05,8.489776035555083e-05", "UX": "0,2.4413111231467406;-0.0018273336889948,-0.001995748131694957", "UZ": "0,2.4413111231467406;-0.00126314184295104,-0.001055879996264786"}, "Sm": {"Sinf": "0,2.4413111231467406;-14.4869011703214,-14.48690117032147", "Ssup": "0,2.4413111231467406;-14.4869011703213,-14.4869011703213"}}}, {"model": "RDM.bar", "pk": 9, "fields": {"modified_date": "2020-03-01T11:21:17.209Z", "project": 3, "name": 8, "N1": 7, "N2": 8, "Release": 4, "Section": 3, "L": 2.08806130178211, "Ch": "[\"0\", \"0\", \"0\"]", "Qg": "[\"-0.000772645804942231\", \"-0.00208271317911379\", \"0.000345918313815689\", \"-0.000289746073560674\", \"-0.00147348117441006\", \"0.000345918313815678\"]", "Ql": "[\"-0.000141597232880015\", \"-0.00221689556587355\", \"0.000345918313815689\", \"0.000145875294592513\", \"-0.0014945969212173\", \"0.000345918313815678\"]", "Rg": "[\"-0.036\", \"0.0108\", \"-1.35525271560688e-20\", \"0.036\", \"-0.0108\", \"2.71050543121376e-20\"]", "Rl": "[\"-0.037585103432078\", \"-1.89735380184963e-19\", \"-1.35525271560688e-20\", \"0.037585103432078\", \"4.06575814682064e-20\", \"2.71050543121376e-20\"]", "EF": {"FX": "-0.0375851034321", "FZ": "-0.0", "MY": "0.0,-0.0"}, "DP": {"RY": "-0.0,0.0,0.0003459183138", "UX": "-0.0001376743715,-0.0001415972329", "UZ": "-0.0,0.0,0.0003459183138,-0.0022168955659"}, "S": {"Sinf": "-0.0,-28.9116180247", "Ssup": "-28.9116180247"}, "EFm": {"FX": "0,2.08806130178211;-0.037585103432078,-0.037585103432078", "FZ": "0,2.08806130178211;-1.89735380184963e-19,-1.89735380184963e-19", "MY": "0,2.08806130178211;-1.35525271560688e-20,3.8262657778706867e-19"}, "DPm": {"RY": "0,0.0714285714285715,2.08806130178211;0.000345918313815689,0.000345918313815689,0.00034591831381568705", "UX": "0,2.08806130178211;-0.000141597232880015,-0.00042906976035254207", "UZ": "0,2.08806130178211;-0.00221689556587355,-0.0014945969212172912"}, "Sm": {"Sinf": "0,2.08806130178211;-28.9116180246754,-28.91161802467583", "Ssup": "0,2.08806130178211;-28.9116180246754,-28.9116180246754"}}}, {"model": "RDM.bar", "pk": 10, "fields": {"modified_date": "2020-03-01T11:21:17.197Z", "project": 3, "name": 9, "N1": 8, "N2": 6, "Release": 4, "Section": 3, "L": 2.82842712474619, "Ch": "[\"0\", \"0\", \"0\"]", "Qg": "[\"-0.000289746073560674\", \"-0.00147348117441006\", \"0.000550250886672322\", \"-0.00101726844583987\", \"0.0\", \"0.000550250886672309\"]", "Ql": "[\"-0.001246789943813\", \"-0.000837027116939145\", \"0.000550250886672322\", \"-0.000719317416340476\", \"0.000719317416340476\", \"0.000550250886672309\"]", "Rg": "[\"-0.036\", \"-0.036\", \"-9.48676900924816e-20\", \"0.036\", \"0.036\", \"0.0\"]", "Rl": "[\"-0.0509116882454314\", \"-1.62630325872826e-19\", \"-9.48676900924816e-20\", \"0.0509116882454314\", \"1.0842021724855e-19\", \"0.0\"]", "EF": {"FX": "-0.0509116882454", "FZ": "-0.0", "MY": "0.0,-0.0"}, "DP": {"RY": "-0.0,0.0,0.0005502508867", "UX": "-0.0001864897005,-0.0012467899438", "UZ": "-0.0,0.0,0.0005502508867,-0.0008370271169"}, "S": {"Sinf": "-0.0,-39.1628371119", "Ssup": "-39.1628371119"}, "EFm": {"FX": "0,2.8284271247461903;-0.0509116882454314,-0.0509116882454314", "FZ": "0,2.8284271247461903;-1.62630325872826e-19,-1.62630325872826e-19", "MY": "0,2.8284271247461903;-9.48676900924816e-20,3.6512033491253165e-19"}, "DPm": {"RY": "0,0.583333333333333,2.8284271247461903;0.000550250886672322,0.000550250886672322,0.00055025088667232", "UX": "0,2.8284271247461903;-0.001246789943813,-0.001774262471285528", "UZ": "0,2.8284271247461903;-0.000837027116939145,0.0007193174163404914"}, "Sm": {"Sinf": "0,2.8284271247461903;-39.1628371118702,-39.1628371118707", "Ssup": "0,2.8284271247461903;-39.1628371118703,-39.1628371118703"}}}, {"model": "RDM.bar", "pk": 11, "fields": {"modified_date": "2020-03-01T11:21:37.301Z", "project": 4, "name": 1, "N1": 9, "N2": 13, "Release": 1, "Section": 4, "L": 2.82842712474619, "Ch": "[\"0\", \"0\", \"0\"]", "Qg": "[\"-0.0207430820262033\", \"0.0\", \"-0.00327014521593256\", \"-0.0145240836872253\", \"-0.00624761517720653\", \"-0.00280966970527332\"]", "Ql": "[\"-0.0146675739634371\", \"0.0146675739634371\", \"-0.00327014521593256\", \"-0.0146878091238046\", \"0.00585234700771116\", \"-0.00280966970527332\"]", "Rg": "[\"-9.26342336171615e-15\", \"0.0467857142857064\", \"0.0\", \"1.05193631583234e-14\", \"-0.0467857142857076\", \"0.0935714285714364\"]", "Rl": "[\"0.0330824958340727\", \"0.0330824958340858\", \"0.0\", \"-0.0330824958340727\", \"-0.0330824958340876\", \"0.0935714285714364\"]", "EF": {"FX": "0.0330824958341", "FZ": "0.0330824958341", "MY": "-0.0330824958341,0.0"}, "DP": {"RY": "5.75594388e-05,0.0,-0.0032701452159", "UX": "7.1542096e-06,-0.0146675739634", "UZ": "1.91864796e-05,0.0,-0.0032701452159,0.0146675739634"}, "S": {"Sinf": "24.1749643096,1.502384007", "Ssup": "1.502384007"}, "EFm": {"FX": "0,2.8284271247461903;0.0330824958340727,0.0330824958340727", "FZ": "0,2.8284271247461903;0.0330824958340858,0.0330824958340858", "MY": "0,2.8284271247461903;-0.0,-0.09357142857143111"}, "DPm": {"RY": "0,2.8284271247461903;-0.00327014521593256,-0.0028096697052734246", "UX": "0,2.8284271247461903;-0.0146675739634371,-0.0146473388030696", "UZ": "0,2.8284271247461903;0.0146675739634371,0.0058523470077110114"}, "Sm": {"Sinf": "0,2.8284271247461903;1.50238400699694,69.87950880005364", "Ssup": "0,2.8284271247461903;1.50238400699694,1.50238400699694"}}}, {"model": "RDM.bar", "pk": 12, "fields": {"modified_date": "2020-03-01T11:21:37.327Z", "project": 4, "name": 2, "N1": 13, "N2": 10, "Release": 1, "Section": 4, "L": 2.82842712474619, "Ch": "[\"0\", \"0\", \"0\"]", "Qg": "[\"-0.0145240836872253\", \"-0.00624761517720653\", \"-0.00280966970527332\", \"-0.0100096411527034\", \"-0.0107784413977371\", \"-0.00162508766640192\"]", "Ql": "[\"-0.0146878091238046\", \"0.00585234700771116\", \"-0.00280966970527332\", \"-0.0146993941392822\", \"-0.000543623866641253\", \"-0.00162508766640192\"]", "Rg": "[\"-1.0243542125643e-14\", \"0.0267857142857104\", \"-0.0935714285714364\", \"1.11074344166795e-14\", \"-0.0267857142857113\", \"0.147142857142882\"]", "Rl": "[\"0.018940360210344\", \"0.0189403602103584\", \"-0.0935714285714364\", \"-0.018940360210344\", \"-0.0189403602103597\", \"0.147142857142882\"]", "EF": {"FX": "0.0189403602103", "FZ": "0.0189403602104", "MY": "-0.0189403602104,-0.0935714285714"}, "DP": {"RY": "3.29538772e-05,0.0003256053562,-0.0028096697053", "UX": "4.0959215e-06,-0.0146878091238", "UZ": "1.09846257e-05,0.0001628026781,-0.0028096697053,0.0058523470077"}, "S": {"Sinf": "13.8406284215,69.2372683085", "Ssup": "0.8601435155"}, "EFm": {"FX": "0,2.8284271247461903;0.018940360210344,0.018940360210344", "FZ": "0,2.8284271247461903;0.0189403602103584,0.0189403602103584", "MY": "0,2.8284271247461903;-0.0935714285714364,-0.14714285714287756"}, "DPm": {"RY": "0,2.8284271247461903;-0.00280966970527332,-0.0016250876664020038", "UX": "0,2.8284271247461903;-0.0146878091238046,-0.014676224108327026", "UZ": "0,2.8284271247461903;0.00585234700771116,-0.0005436238666413611"}, "Sm": {"Sinf": "0,2.8284271247461903;69.2372683085166,108.38447715951133", "Ssup": "0,2.8284271247461903;0.860143515456131,0.860143515456131"}}}, {"model": "RDM.bar", "pk": 13, "fields": {"modified_date": "2020-03-01T11:21:37.412Z", "project": 4, "name": 3, "N1": 10, "N2": 14, "Release": 1, "Section": 4, "L": 3.0, "Ch": "[\"0\", \"0\", \"0\"]", "Qg": "[\"-0.0100096411527034\", \"-0.0107784413977371\", \"-0.00162508766640192\", \"-0.0100096411527033\", \"-0.0130476187791482\", \"0.000173819787941325\"]", "Ql": "[\"-0.0100096411527034\", \"-0.0107784413977371\", \"-0.00162508766640192\", \"-0.0100096411527033\", \"-0.0130476187791482\", \"0.000173819787941325\"]", "Rg": "[\"-1.24344978758018e-14\", \"0.0267857142857172\", \"-0.147142857142882\", \"1.24344978758018e-14\", \"0.00321428571428365\", \"0.182500000000032\"]", "Rl": "[\"-1.24344978758018e-14\", \"0.0267857142857172\", \"-0.147142857142882\", \"1.24344978758018e-14\", \"0.00321428571428365\", \"0.182500000000032\"]", "EF": {"FX": "-0.0", "FZ": "-0.01,0.0267857142857", "MY": "0.005,-0.0267857142857,-0.1471428571429"}, "DP": {"RY": "-5.7995865e-06,4.66038201e-05,0.0005120206364,-0.0016250876664", "UX": "-0.0,-0.0100096411527", "UZ": "-1.4498966e-06,1.55346067e-05,0.0002560103182,-0.0016250876664,-0.0107784413977"}, "S": {"Sinf": "-3.6537394928,19.5736044255,107.5243336441", "Ssup": "-0.0"}, "EFm": {"FX": "0,3.0;-1.24344978758018e-14,-1.24344978758018e-14", "FZ": "0,3.0;0.0267857142857172,-0.0032142857142828003", "MY": "0,2.67857142857172,3.0;-0.147142857142882,-0.183016581632686,-0.18250000000003358"}, "DPm": {"RY": "0,3.0;-0.00162508766640192,0.0001738197879412945", "UX": "0,3.0;-0.0100096411527034,-0.010009641152703409", "UZ": "0,2.72676280353418,3.0;-0.0107784413977371,-0.0130713767272310,-0.013047618779148246"}, "Sm": {"Sinf": "0,2.67857142857172,3.0;107.524333644058,133.738982428206,133.36149148571485", "Ssup": "0,3.0;-5.64691093360663e-13,-5.64691093360663e-13"}}}, {"model": "RDM.bar", "pk": 14, "fields": {"modified_date": "2020-03-01T11:21:37.346Z", "project": 4, "name": 4, "N1": 14, "N2": 11, "Release": 1, "Section": 4, "L": 3.0, "Ch": "[\"0\", \"0\", \"0\"]", "Qg": "[\"-0.0100096411527033\", \"-0.0130476187791482\", \"0.000173819787941325\", \"-0.0100096411527033\", \"-0.0100319229656752\", \"0.00171547415554959\"]", "Ql": "[\"-0.0100096411527033\", \"-0.0130476187791482\", \"0.000173819787941325\", \"-0.0100096411527033\", \"-0.0100319229656752\", \"0.00171547415554959\"]", "Rg": "[\"-1.4210854715202e-14\", \"-0.0232142857142827\", \"-0.182500000000033\", \"1.4210854715202e-14\", \"0.0232142857142821\", \"0.112857142857188\"]", "Rl": "[\"-1.4210854715202e-14\", \"-0.0232142857142827\", \"-0.182500000000033\", \"1.4210854715202e-14\", \"0.0232142857142821\", \"0.112857142857188\"]", "EF": {"FX": "-0.0", "FZ": "-0.0232142857143", "MY": "0.0232142857143,-0.1825"}, "DP": {"RY": "-4.03899774e-05,0.0006350547214,0.0001738197879", "UX": "-0.0,-0.0100096411527", "UZ": "-1.34633258e-05,0.0003175273607,0.0001738197879,-0.0130476187791"}, "S": {"Sinf": "-16.9637905021,133.3614914857", "Ssup": "-0.0"}, "EFm": {"FX": "0,3.0;-1.4210854715202e-14,-1.4210854715202e-14", "FZ": "0,3.0;-0.0232142857142827,-0.0232142857142827", "MY": "0,3.0;-0.182500000000033,-0.1128571428571849"}, "DPm": {"RY": "0,3.0;0.000173819787941325,0.0017154741555495763", "UX": "0,3.0;-0.0100096411527033,-0.010009641152703308", "UZ": "0,3.0;-0.0130476187791482,-0.010031922965675148"}, "Sm": {"Sinf": "0,3.0;133.361491485714,82.4701199794395", "Ssup": "0,3.0;-6.45361249555041e-13,-6.45361249555041e-13"}}}, {"model": "RDM.bar", "pk": 15, "fields": {"modified_date": "2020-03-01T11:21:37.368Z", "project": 4, "name": 5, "N1": 11, "N2": 15, "Release": 1, "Section": 4, "L": 2.82842712474619, "Ch": "[\"0\", \"0\", \"0\"]", "Qg": "[\"-0.0100096411527033\", \"-0.0100319229656752\", \"0.00171547415554959\", \"-0.00562734722839292\", \"-0.00563542984682387\", \"0.00259775929429371\"]", "Ql": "[\"1.57556210494993e-05\", \"-0.0141715258936904\", \"0.00171547415554959\", \"5.71527430226742e-06\", \"-0.00796398604487818\", \"0.00259775929429371\"]", "Rg": "[\"-8.81239525796218e-15\", \"-0.0232142857142836\", \"-0.112857142857188\", \"9.83241266183654e-15\", \"0.0232142857142846\", \"0.0664285714285993\"]", "Rl": "[\"0.0164149788489657\", \"-0.0164149788489781\", \"-0.112857142857188\", \"-0.0164149788489657\", \"0.0164149788489796\", \"0.0664285714285993\"]", "EF": {"FX": "0.016414978849", "FZ": "-0.016414978849", "MY": "0.016414978849,-0.1128571428572"}, "DP": {"RY": "-2.85600269e-05,0.000392714857,0.0017154741555", "UX": "3.5497986e-06,1.5755621e-05", "UZ": "-9.520009e-06,0.0001963574285,0.0017154741555,-0.0141715258937"}, "S": {"Sinf": "-11.9952112987,83.2155776928", "Ssup": "0.7454577134"}, "EFm": {"FX": "0,2.8284271247461903;0.0164149788489657,0.0164149788489657", "FZ": "0,2.8284271247461903;-0.0164149788489781,-0.0164149788489781", "MY": "0,2.8284271247461903;-0.112857142857188,-0.06642857142860334"}, "DPm": {"RY": "0,2.8284271247461903;0.00171547415554959,0.002597759294293785", "UX": "0,2.8284271247461903;1.57556210494993e-05,2.5795967796731155e-05", "UZ": "0,2.8284271247461903;-0.0141715258936904,-0.007963986044878081"}, "Sm": {"Sinf": "0,2.8284271247461903;83.215577692838,49.2879966886407", "Ssup": "0,2.8284271247461903;0.745457713395354,0.745457713395354"}}}, {"model": "RDM.bar", "pk": 16, "fields": {"modified_date": "2020-03-01T11:21:37.392Z", "project": 4, "name": 6, "N1": 15, "N2": 12, "Release": 1, "Section": 4, "L": 2.82842712474619, "Ch": "[\"0\", \"0\", \"0\"]", "Qg": "[\"-0.00562734722839292\", \"-0.00563542984682387\", \"0.00259775929429371\", \"0.0\", \"0.0\", \"0.00292466175605942\"]", "Ql": "[\"5.71527430226742e-06\", \"-0.00796398604487818\", \"0.00259775929429371\", \"0.0\", \"0.0\", \"0.00292466175605942\"]", "Rg": "[\"-0.0100000000000129\", \"-0.0232142857142854\", \"-0.0664285714285991\", \"0.0100000000000141\", \"0.0232142857142866\", \"-4.44089209850063e-16\"]", "Rl": "[\"0.00934391103709861\", \"-0.0234860466608477\", \"-0.0664285714285991\", \"-0.00934391103709861\", \"0.0234860466608495\", \"-4.44089209850063e-16\"]", "EF": {"FX": "0.0093439110371", "FZ": "-0.0234860466608", "MY": "0.0234860466608,-0.0664285714286"}, "DP": {"RY": "-4.08628077e-05,0.0002311549475,0.0025977592943", "UX": "2.0206546e-06,5.7152743e-06", "UZ": "-1.36209359e-05,0.0001155774738,0.0025977592943,-0.0079639860449"}, "S": {"Sinf": "-17.1623792427,48.9668764429", "Ssup": "0.4243374676"}, "EFm": {"FX": "0,2.8284271247461903;0.00934391103709861,0.00934391103709861", "FZ": "0,2.8284271247461903;-0.0234860466608477,-0.0234860466608477", "MY": "0,2.8284271247461903;-0.0664285714285991,-2.789435349370706e-15"}, "DPm": {"RY": "0,2.8284271247461903;0.00259775929429371,0.002924661756059496", "UX": "0,2.8284271247461903;5.71527430226742e-06,1.143054860453483e-05", "UZ": "0,2.8284271247461903;-0.00796398604487818,9.421716878899034e-17"}, "Sm": {"Sinf": "0,2.8284271247461903;48.9668764428672,0.4243374676267564", "Ssup": "0,2.8284271247461903;0.424337467624823,0.424337467624823"}}}, {"model": "RDM.bar", "pk": 17, "fields": {"modified_date": "2020-03-01T09:45:22.167Z", "project": 5, "name": 1, "N1": 16, "N2": 17, "Release": 1, "Section": 5, "L": 5.0, "Ch": "[\"0\", \"0\", \"0\"]", "Qg": "[\"0.0\", \"0.0\", \"-0.0016280897179696\", \"0.00814044858984777\", \"-0.000103621527327245\", \"-0.00180932679598329\"]", "Ql": "[\"0.0\", \"0.0\", \"-0.0016280897179696\", \"-0.000103621527327245\", \"-0.00814044858984777\", \"-0.00180932679598329\"]", "Rg": "[\"-0.012500000000003\", \"0.0958333333333289\", \"2.77555756156289e-17\", \"-0.0374999999999972\", \"-0.0958333333333289\", \"-0.0624999999999849\"]", "Rl": "[\"0.0958333333333289\", \"0.012500000000003\", \"2.77555756156289e-17\", \"-0.0958333333333289\", \"0.0374999999999972\", \"-0.0624999999999849\"]", "EF": {"FX": "0.0958333333333", "FZ": "-0.01,0.0125", "MY": "0.005,-0.0125,0.0"}, "DP": {"RY": "-5.7995865e-06,2.17484494e-05,-0.0,-0.001628089718", "UX": "2.07243055e-05,0.0", "UZ": "-1.4498966e-06,7.2494831e-06,-0.0,-0.001628089718,0.0"}, "S": {"Sinf": "-3.6537394928,9.1343487319,4.3521041477", "Ssup": "4.3521041477"}, "EFm": {"FX": "0,5.0;0.0958333333333289,0.0958333333333289", "FZ": "0,5.0;0.012500000000003,-0.037499999999997", "MY": "0,1.25000000000030,5.0;2.77555756156289e-17,-0.00781250000000372,0.062499999999985026"}, "DPm": {"RY": "0,2.50000000000060,5.0;-0.0016280897179696,-0.00158278044846611,-0.0018093267959832919", "UX": "0,5.0;0.0,0.0001036215273272445", "UZ": "0,5.0;0.0,-0.008140448589847787"}, "Sm": {"Sinf": "0,1.25000000000030,5.0;4.35210414774425,10.0610721051824,-41.31963951172785", "Ssup": "0,5.0;4.35210414774427,4.35210414774427"}}}, {"model": "RDM.bar", "pk": 18, "fields": {"modified_date": "2020-03-01T09:45:22.148Z", "project": 5, "name": 2, "N1": 17, "N2": 18, "Release": 2, "Section": 5, "L": 3.0, "Ch": "[\"0\", \"0\", \"0\"]", "Qg": "[\"0.00814044858984777\", \"-0.000103621527327245\", \"-0.00180932679598329\", \"0.00809016962267507\", \"-0.00559684726336187\", \"-0.00174408144789819\"]", "Ql": "[\"0.00814044858984777\", \"-0.000103621527327245\", \"-0.00180932679598329\", \"0.00809016962267507\", \"-0.00559684726336187\", \"-0.00174408144789819\"]", "Rg": "[\"0.0774999999999988\", \"0.095833333333329\", \"0.062499999999985\", \"-0.0774999999999988\", \"0.0541666666666726\", \"-1.2490009027033e-16\"]", "Rl": "[\"0.0774999999999988\", \"0.095833333333329\", \"0.062499999999985\", \"-0.0774999999999988\", \"0.0541666666666726\", \"-1.2490009027033e-16\"]", "EF": {"FX": "0.0775", "FZ": "-0.05,0.0958333333333", "MY": "0.025,-0.0958333333333,0.0625"}, "DP": {"RY": "-2.89979325e-05,0.0001667381118,-0.0002174844936,-0.001809326796", "UX": "1.67596557e-05,0.0081404485898", "UZ": "-7.2494831e-06,5.55793706e-05,-0.0001087422468,-0.001809326796,-0.0001036215273"}, "S": {"Sinf": "-18.2686974638,70.0300069445,-42.1522159574", "Ssup": "3.5195277021"}, "EFm": {"FX": "0,3.0;0.0774999999999988,0.0774999999999988", "FZ": "0,3.0;0.095833333333329,-0.054166666666671026", "MY": "0,1.91666666666658,3.0;0.062499999999985,-0.0293402777777844,-1.9984014443252818e-15"}, "DPm": {"RY": "0,0.833333333333119,3.0;-0.00180932679598329,-0.00189155472952656,-0.0017440814478982213", "UX": "0,3.0;0.00814044858984777,0.008190727557020468", "UZ": "0,3.0;-0.000103621527327245,-0.005596847263361923"}, "Sm": {"Sinf": "0,1.91666666666658,3.0;-42.1522159573832,24.9598740311290,3.5195277020902154", "Ssup": "0,3.0;3.51952770208896,3.51952770208896"}}}, {"model": "RDM.bar", "pk": 19, "fields": {"modified_date": "2020-03-01T09:45:22.124Z", "project": 5, "name": 3, "N1": 18, "N2": 19, "Release": 3, "Section": 5, "L": 3.0, "Ch": "[\"0\", \"0\", \"0\"]", "Qg": "[\"0.00809016962267507\", \"-0.00559684726336187\", \"0.00227049533839548\", \"0.00803989065550237\", \"-0.000220758906045015\", \"0.000639361636270979\"]", "Ql": "[\"0.00809016962267507\", \"-0.00559684726336187\", \"0.00227049533839548\", \"0.00803989065550237\", \"-0.000220758906045015\", \"0.000639361636270979\"]", "Rg": "[\"0.0775000000000006\", \"-0.0541666666666728\", \"-1.38777878078145e-17\", \"-0.0775000000000006\", \"0.204166666666671\", \"-0.387500000000013\"]", "Rl": "[\"0.0775000000000006\", \"-0.0541666666666728\", \"-1.38777878078145e-17\", \"-0.0775000000000006\", \"0.204166666666671\", \"-0.387500000000013\"]", "EF": {"FX": "0.0775", "FZ": "-0.05,-0.0541666666667", "MY": "0.025,0.0541666666667,-0.0"}, "DP": {"RY": "-2.89979325e-05,-9.42432806e-05,0.0,0.0022704953384", "UX": "1.67596557e-05,0.0080901696227", "UZ": "-7.2494831e-06,-3.14144269e-05,0.0,0.0022704953384,-0.0055968472634"}, "S": {"Sinf": "-18.2686974638,-39.5821778382,3.5195277021", "Ssup": "3.5195277021"}, "EFm": {"FX": "0,3.0;0.0775000000000006,0.0775000000000006", "FZ": "0,3.0;-0.0541666666666728,-0.20416666666667282", "MY": "0,3.0;-1.38777878078145e-17,0.3875000000000184"}, "DPm": {"RY": "0,3.0;0.00227049533839548,0.0006393616362709856", "UX": "0,3.0;0.00809016962267507,0.008140448589847771", "UZ": "0,3.0;-0.00559684726336187,-0.0002207589060449959"}, "Sm": {"Sinf": "0,3.0;3.51952770208905,-279.64528298672025", "Ssup": "0,3.0;3.51952770208904,3.51952770208904"}}}, {"model": "RDM.bar", "pk": 20, "fields": {"modified_date": "2020-03-01T09:45:22.102Z", "project": 5, "name": 4, "N1": 19, "N2": 20, "Release": 1, "Section": 5, "L": 5.0, "Ch": "[\"0\", \"0\", \"0\"]", "Qg": "[\"0.00803989065550237\", \"-0.000220758906045015\", \"0.000639361636270979\", \"0.0\", \"0.0\", \"-0.0027316480147862\"]", "Ql": "[\"0.000220758906045015\", \"0.00803989065550237\", \"0.000639361636270979\", \"0.0\", \"0.0\", \"-0.0027316480147862\"]", "Rg": "[\"0.0775000000000014\", \"-0.204166666666671\", \"0.387500000000013\", \"-0.0775000000000014\", \"0.204166666666671\", \"2.22044604925031e-16\"]", "Rl": "[\"0.204166666666671\", \"0.0775000000000014\", \"0.387500000000013\", \"-0.204166666666671\", \"-0.0775000000000014\", \"2.22044604925031e-16\"]", "EF": {"FX": "0.2041666666667", "FZ": "0.0775", "MY": "-0.0775,0.3875"}, "DP": {"RY": "0.000134840386,-0.0013484038604,0.0006393616363", "UX": "4.41517812e-05,0.000220758906", "UZ": "4.49467953e-05,-0.0006742019302,0.0006393616363,0.0080398906555"}, "S": {"Sinf": "56.6329621378,-273.8929366349", "Ssup": "9.2718740539"}, "EFm": {"FX": "0,5.0;0.204166666666671,0.204166666666671", "FZ": "0,5.0;0.0775000000000014,0.0775000000000014", "MY": "0,5.0;0.387500000000013,5.995204332975845e-15"}, "DPm": {"RY": "0,5.0;0.000639361636270979,-0.0027316480147862717", "UX": "0,5.0;0.000220758906045015,0.000441517812090029", "UZ": "0,0.499068791598438,5.0;0.00803989065550237,0.00819663986674625,-1.734723475976807e-16"}, "Sm": {"Sinf": "0,5.0;-273.892936634915,9.271874053886052", "Ssup": "0,5.0;9.2718740538906,9.2718740538906"}}}, {"model": "RDM.dl", "pk": 1, "fields": {"modified_date": "2020-01-14T21:24:24.742Z", "project": 2, "name": "UL20", "type": "Uniform_Load", "Axes": "G", "features": {"MY": 0, "PX": 0, "PZ": -0.02}, "bars": [1]}}, {"model": "RDM.dl", "pk": 2, "fields": {"modified_date": "2020-01-14T21:24:25.863Z", "project": 4, "name": "q", "type": "Uniform_Load", "Axes": "G", "features": {"MY": 0, "PX": 0, "PZ": -0.01}, "bars": [13]}}, {"model": "RDM.dl", "pk": 3, "fields": {"modified_date": "2020-01-14T21:24:26.296Z", "project": 5, "name": "q1", "type": "Uniform_Load", "Axes": "G", "features": {"MY": 0, "PX": 0.01, "PZ": 0}, "bars": [17]}}, {"model": "RDM.dl", "pk": 4, "fields": {"modified_date": "2020-01-14T21:24:26.318Z", "project": 5, "name": "q2", "type": "Uniform_Load", "Axes": "G", "features": {"MY": 0, "PX": 0, "PZ": -0.05}, "bars": [18, 19]}}]