[
{
  "model": "RDM.project",
  "pk": 1,
  "fields": {
    "modified_date": "2020-01-14T21:24:24.030Z",
    "name": "Default",
    "user": 1,
    "auth": "private",
    "results": false,
    "preferences": {
      "cdb": [
        "Distributed Loads",
        "Section",
        "Release"
      ],
      "cdn": [
        "Point Loads",
        "Support"
      ]
    },
    "variables": {}
  }
},
{
  "model": "RDM.project",
  "pk": 2,
  "fields": {
    "modified_date": "2020-01-14T21:24:24.435Z",
    "name": "project 1",
    "user": 1,
    "auth": "public",
    "results": false,
    "preferences": {
      "cdb": [
        "Distributed Loads",
        "Section",
        "Release"
      ],
      "cdn": [
        "Point Loads",
        "Support"
      ]
    },
    "variables": {}
  }
},
{
  "model": "RDM.project",
  "pk": 3,
  "fields": {
    "modified_date": "2020-01-14T21:24:24.772Z",
    "name": "Truss Structure",
    "user": 1,
    "auth": "public",
    "results": false,
    "preferences": {
      "cdb": [
        "Distributed Loads",
        "Section",
        "Release"
      ],
      "cdn": [
        "Point Loads",
        "Support"
      ]
    },
    "variables": {}
  }
},
{
  "model": "RDM.project",
  "pk": 4,
  "fields": {
    "modified_date": "2020-01-14T21:24:25.361Z",
    "name": "Frame Structure",
    "user": 1,
    "auth": "public",
    "results": false,
    "preferences": {
      "cdb": [
        "Distributed Loads",
        "Section",
        "Release"
      ],
      "cdn": [
        "Point Loads",
        "Support"
      ]
    },
    "variables": {}
  }
},
{
  "model": "RDM.project",
  "pk": 5,
  "fields": {
    "modified_date": "2020-01-14T21:24:25.912Z",
    "name": "Beams with Internal Hinges",
    "user": 1,
    "auth": "public",
    "results": false,
    "preferences": {
      "cdb": [
        "Distributed Loads",
        "Section",
        "Release"
      ],
      "cdn": [
        "Point Loads",
        "Support"
      ]
    },
    "variables": {}
  }
},
{
  "model": "RDM.support",
  "pk": 1,
  "fields": {
    "modified_date": "2020-01-14T21:24:24.084Z",
    "project": 1,
    "name": "None",
    "UX": false,
    "UZ": false,
    "RY": false
  }
},
{
  "model": "RDM.support",
  "pk": 2,
  "fields": {
    "modified_date": "2020-01-14T21:24:24.147Z",
    "project": 1,
    "name": "Roller Z",
    "UX": true,
    "UZ": false,
    "RY": false
  }
},
{
  "model": "RDM.support",
  "pk": 3,
  "fields": {
    "modified_date": "2020-01-14T21:24:24.184Z",
    "project": 1,
    "name": "Roller X",
    "UX": false,
    "UZ": true,
    "RY": false
  }
},
{
  "model": "RDM.support",
  "pk": 4,
  "fields": {
    "modified_date": "2020-01-14T21:24:24.229Z",
    "project": 1,
    "name": "Pinned",
    "UX": true,
    "UZ": true,
    "RY": false
  }
},
{
  "model": "RDM.support",
  "pk": 5,
  "fields": {
    "modified_date": "2020-01-14T21:24:24.282Z",
    "project": 1,
    "name": "Fixed",
    "UX": true,
    "UZ": true,
    "RY": true
  }
},
{
  "model": "RDM.node",
  "pk": 1,
  "fields": {
    "modified_date": "2020-01-14T21:24:24.441Z",
    "project": 2,
    "Support": 4,
    "name": 1,
    "X": 0.0,
    "Z": 0.0,
    "Fn": "[\"0.0\", \"0.0\", \"0.0\"]",
    "Dp": "[\"0.0\", \"0.0\", \"0.0\"]",
    "Rc": "[\"0.0\", \"0.0\", \"0.0\"]"
  }
},
{
  "model": "RDM.node",
  "pk": 2,
  "fields": {
    "modified_date": "2020-01-14T21:24:24.451Z",
    "project": 2,
    "Support": 3,
    "name": 2,
    "X": 4.0,
    "Z": 0.0,
    "Fn": "[\"0.0\", \"0.0\", \"0.0\"]",
    "Dp": "[\"0.0\", \"0.0\", \"0.0\"]",
    "Rc": "[\"0.0\", \"0.0\", \"0.0\"]"
  }
},
{
  "model": "RDM.node",
  "pk": 3,
  "fields": {
    "modified_date": "2020-01-14T21:24:24.784Z",
    "project": 3,
    "Support": 4,
    "name": 1,
    "X": 0.0,
    "Z": 0.0,
    "Fn": "[\"0.0\", \"0.0\", \"0.0\"]",
    "Dp": "[\"0.0\", \"0.0\", \"0.0\"]",
    "Rc": "[\"0.0\", \"0.0\", \"0.0\"]"
  }
},
{
  "model": "RDM.node",
  "pk": 4,
  "fields": {
    "modified_date": "2020-01-14T21:24:24.796Z",
    "project": 3,
    "Support": 1,
    "name": 2,
    "X": 2.0,
    "Z": 0.0,
    "Fn": "[\"0.0\", \"0.0\", \"0.0\"]",
    "Dp": "[\"0.0\", \"0.0\", \"0.0\"]",
    "Rc": "[\"0.0\", \"0.0\", \"0.0\"]"
  }
},
{
  "model": "RDM.node",
  "pk": 5,
  "fields": {
    "modified_date": "2020-01-14T21:24:24.809Z",
    "project": 3,
    "Support": 1,
    "name": 3,
    "X": 4.0,
    "Z": 0.0,
    "Fn": "[\"0.0\", \"0.0\", \"0.0\"]",
    "Dp": "[\"0.0\", \"0.0\", \"0.0\"]",
    "Rc": "[\"0.0\", \"0.0\", \"0.0\"]"
  }
},
{
  "model": "RDM.node",
  "pk": 6,
  "fields": {
    "modified_date": "2020-01-14T21:24:24.818Z",
    "project": 3,
    "Support": 3,
    "name": 4,
    "X": 6.0,
    "Z": 0.0,
    "Fn": "[\"0.0\", \"0.0\", \"0.0\"]",
    "Dp": "[\"0.0\", \"0.0\", \"0.0\"]",
    "Rc": "[\"0.0\", \"0.0\", \"0.0\"]"
  }
},
{
  "model": "RDM.node",
  "pk": 7,
  "fields": {
    "modified_date": "2020-01-14T21:24:24.829Z",
    "project": 3,
    "Support": 1,
    "name": 5,
    "X": 2.0,
    "Z": -1.4,
    "Fn": "[\"0.0\", \"0.0\", \"0.0\"]",
    "Dp": "[\"0.0\", \"0.0\", \"0.0\"]",
    "Rc": "[\"0.0\", \"0.0\", \"0.0\"]"
  }
},
{
  "model": "RDM.node",
  "pk": 8,
  "fields": {
    "modified_date": "2020-01-14T21:24:24.842Z",
    "project": 3,
    "Support": 1,
    "name": 6,
    "X": 4.0,
    "Z": -2.0,
    "Fn": "[\"0.0\", \"0.0\", \"0.0\"]",
    "Dp": "[\"0.0\", \"0.0\", \"0.0\"]",
    "Rc": "[\"0.0\", \"0.0\", \"0.0\"]"
  }
},
{
  "model": "RDM.node",
  "pk": 9,
  "fields": {
    "modified_date": "2020-01-14T21:24:25.374Z",
    "project": 4,
    "Support": 3,
    "name": 1,
    "X": 0.0,
    "Z": 0.0,
    "Fn": "[\"0.0\", \"0.0\", \"0.0\"]",
    "Dp": "[\"0.0\", \"0.0\", \"0.0\"]",
    "Rc": "[\"0.0\", \"0.0\", \"0.0\"]"
  }
},
{
  "model": "RDM.node",
  "pk": 10,
  "fields": {
    "modified_date": "2020-01-14T21:24:25.385Z",
    "project": 4,
    "Support": 1,
    "name": 2,
    "X": 4.0,
    "Z": 4.0,
    "Fn": "[\"0.0\", \"0.0\", \"0.0\"]",
    "Dp": "[\"0.0\", \"0.0\", \"0.0\"]",
    "Rc": "[\"0.0\", \"0.0\", \"0.0\"]"
  }
},
{
  "model": "RDM.node",
  "pk": 11,
  "fields": {
    "modified_date": "2020-01-14T21:24:25.396Z",
    "project": 4,
    "Support": 1,
    "name": 3,
    "X": 10.0,
    "Z": 4.0,
    "Fn": "[\"0.0\", \"0.0\", \"0.0\"]",
    "Dp": "[\"0.0\", \"0.0\", \"0.0\"]",
    "Rc": "[\"0.0\", \"0.0\", \"0.0\"]"
  }
},
{
  "model": "RDM.node",
  "pk": 12,
  "fields": {
    "modified_date": "2020-01-14T21:24:25.408Z",
    "project": 4,
    "Support": 4,
    "name": 4,
    "X": 14.0,
    "Z": 0.0,
    "Fn": "[\"0.0\", \"0.0\", \"0.0\"]",
    "Dp": "[\"0.0\", \"0.0\", \"0.0\"]",
    "Rc": "[\"0.0\", \"0.0\", \"0.0\"]"
  }
},
{
  "model": "RDM.node",
  "pk": 13,
  "fields": {
    "modified_date": "2020-01-14T21:24:25.418Z",
    "project": 4,
    "Support": 1,
    "name": 5,
    "X": 2.0,
    "Z": 2.0,
    "Fn": "[\"0.0\", \"0.0\", \"0.0\"]",
    "Dp": "[\"0.0\", \"0.0\", \"0.0\"]",
    "Rc": "[\"0.0\", \"0.0\", \"0.0\"]"
  }
},
{
  "model": "RDM.node",
  "pk": 14,
  "fields": {
    "modified_date": "2020-01-14T21:24:25.429Z",
    "project": 4,
    "Support": 1,
    "name": 6,
    "X": 7.0,
    "Z": 4.0,
    "Fn": "[\"0.0\", \"0.0\", \"0.0\"]",
    "Dp": "[\"0.0\", \"0.0\", \"0.0\"]",
    "Rc": "[\"0.0\", \"0.0\", \"0.0\"]"
  }
},
{
  "model": "RDM.node",
  "pk": 15,
  "fields": {
    "modified_date": "2020-01-14T21:24:25.441Z",
    "project": 4,
    "Support": 1,
    "name": 7,
    "X": 12.0,
    "Z": 2.0,
    "Fn": "[\"0.0\", \"0.0\", \"0.0\"]",
    "Dp": "[\"0.0\", \"0.0\", \"0.0\"]",
    "Rc": "[\"0.0\", \"0.0\", \"0.0\"]"
  }
},
{
  "model": "RDM.node",
  "pk": 16,
  "fields": {
    "modified_date": "2020-01-14T21:24:25.918Z",
    "project": 5,
    "Support": 4,
    "name": 1,
    "X": 0.0,
    "Z": 0.0,
    "Fn": "[\"0.0\", \"0.0\", \"0.0\"]",
    "Dp": "[\"0.0\", \"0.0\", \"0.0\"]",
    "Rc": "[\"0.0\", \"0.0\", \"0.0\"]"
  }
},
{
  "model": "RDM.node",
  "pk": 17,
  "fields": {
    "modified_date": "2020-01-14T21:24:25.930Z",
    "project": 5,
    "Support": 1,
    "name": 2,
    "X": 0.0,
    "Z": 5.0,
    "Fn": "[\"0.0\", \"0.0\", \"0.0\"]",
    "Dp": "[\"0.0\", \"0.0\", \"0.0\"]",
    "Rc": "[\"0.0\", \"0.0\", \"0.0\"]"
  }
},
{
  "model": "RDM.node",
  "pk": 18,
  "fields": {
    "modified_date": "2020-01-14T21:24:25.942Z",
    "project": 5,
    "Support": 1,
    "name": 3,
    "X": 3.0,
    "Z": 5.0,
    "Fn": "[\"0.0\", \"0.0\", \"0.0\"]",
    "Dp": "[\"0.0\", \"0.0\", \"0.0\"]",
    "Rc": "[\"0.0\", \"0.0\", \"0.0\"]"
  }
},
{
  "model": "RDM.node",
  "pk": 19,
  "fields": {
    "modified_date": "2020-01-14T21:24:25.952Z",
    "project": 5,
    "Support": 1,
    "name": 4,
    "X": 6.0,
    "Z": 5.0,
    "Fn": "[\"0.0\", \"0.0\", \"0.0\"]",
    "Dp": "[\"0.0\", \"0.0\", \"0.0\"]",
    "Rc": "[\"0.0\", \"0.0\", \"0.0\"]"
  }
},
{
  "model": "RDM.node",
  "pk": 20,
  "fields": {
    "modified_date": "2020-01-14T21:24:25.963Z",
    "project": 5,
    "Support": 4,
    "name": 5,
    "X": 6.0,
    "Z": 0.0,
    "Fn": "[\"0.0\", \"0.0\", \"0.0\"]",
    "Dp": "[\"0.0\", \"0.0\", \"0.0\"]",
    "Rc": "[\"0.0\", \"0.0\", \"0.0\"]"
  }
},
{
  "model": "RDM.pl",
  "pk": 1,
  "fields": {
    "modified_date": "2020-01-14T21:24:25.275Z",
    "project": 3,
    "name": "Q",
    "FX": 0.0,
    "FZ": -0.018,
    "CY": 0.0,
    "nodes": [
      3
    ]
  }
},
{
  "model": "RDM.pl",
  "pk": 2,
  "fields": {
    "modified_date": "2020-01-14T21:24:25.307Z",
    "project": 3,
    "name": "P",
    "FX": 0.0,
    "FZ": -0.036,
    "CY": 0.0,
    "nodes": [
      4,
      5
    ]
  }
},
{
  "model": "RDM.pl",
  "pk": 3,
  "fields": {
    "modified_date": "2020-01-14T21:24:25.808Z",
    "project": 4,
    "name": "P",
    "FX": 0.0,
    "FZ": -0.02,
    "CY": 0.0,
    "nodes": [
      13,
      14
    ]
  }
},
{
  "model": "RDM.pl",
  "pk": 4,
  "fields": {
    "modified_date": "2020-01-14T21:24:25.829Z",
    "project": 4,
    "name": "Q",
    "FX": -0.01,
    "FZ": 0.0,
    "CY": 0.0,
    "nodes": [
      15
    ]
  }
},
{
  "model": "RDM.pl",
  "pk": 5,
  "fields": {
    "modified_date": "2020-01-14T21:24:26.218Z",
    "project": 5,
    "name": "P",
    "FX": 0.04,
    "FZ": 0.0,
    "CY": 0.0,
    "nodes": [
      17
    ]
  }
},
{
  "model": "RDM.release",
  "pk": 1,
  "fields": {
    "modified_date": "2020-01-14T21:24:24.376Z",
    "project": 1,
    "name": "None",
    "UX1": false,
    "UZ1": false,
    "RY1": false,
    "UX2": false,
    "UZ2": false,
    "RY2": false
  }
},
{
  "model": "RDM.release",
  "pk": 2,
  "fields": {
    "modified_date": "2020-01-14T21:24:24.384Z",
    "project": 1,
    "name": "F-P",
    "UX1": false,
    "UZ1": false,
    "RY1": false,
    "UX2": false,
    "UZ2": false,
    "RY2": true
  }
},
{
  "model": "RDM.release",
  "pk": 3,
  "fields": {
    "modified_date": "2020-01-14T21:24:24.396Z",
    "project": 1,
    "name": "P-F",
    "UX1": false,
    "UZ1": false,
    "RY1": true,
    "UX2": false,
    "UZ2": false,
    "RY2": false
  }
},
{
  "model": "RDM.release",
  "pk": 4,
  "fields": {
    "modified_date": "2020-01-14T21:24:24.408Z",
    "project": 1,
    "name": "P-P",
    "UX1": false,
    "UZ1": false,
    "RY1": true,
    "UX2": false,
    "UZ2": false,
    "RY2": true
  }
},
{
  "model": "RDM.material",
  "pk": 1,
  "fields": {
    "modified_date": "2020-01-14T21:24:24.325Z",
    "project": 1,
    "name": "Steel",
    "YM": 210000.0,
    "Density": 0.077
  }
},
{
  "model": "RDM.material",
  "pk": 2,
  "fields": {
    "modified_date": "2020-01-14T21:24:24.529Z",
    "project": 2,
    "name": "m1",
    "YM": 24000.0,
    "Density": 0.0
  }
},
{
  "model": "RDM.material",
  "pk": 3,
  "fields": {
    "modified_date": "2020-01-14T21:24:25.084Z",
    "project": 3,
    "name": "m1",
    "YM": 210000.0,
    "Density": 0.0
  }
},
{
  "model": "RDM.section",
  "pk": 1,
  "fields": {
    "modified_date": "2020-01-14T21:24:24.351Z",
    "project": 1,
    "name": "Default",
    "material": 1,
    "Ax": 0.01,
    "Iy": 0.0001,
    "H": 1.0,
    "Cy": 1.0,
    "type": "Custom",
    "features": {
      "H": 0.1,
      "Ax": 0.01,
      "Cy": 0.05,
      "Iy": 0.0001
    }
  }
},
{
  "model": "RDM.section",
  "pk": 2,
  "fields": {
    "modified_date": "2020-01-14T21:24:24.719Z",
    "project": 2,
    "name": "s1",
    "material": 2,
    "Ax": 0.08,
    "Iy": 0.00106666666666667,
    "H": 1.0,
    "Cy": 1.0,
    "type": "Rectangular",
    "features": {
      "b": 0.2,
      "h": 0.4
    }
  }
},
{
  "model": "RDM.section",
  "pk": 3,
  "fields": {
    "modified_date": "2020-01-14T21:24:25.228Z",
    "project": 3,
    "name": "s1",
    "material": 3,
    "Ax": 0.0013,
    "Iy": 9.20833333333335e-07,
    "H": 1.0,
    "Cy": 1.0,
    "type": "Rectangular_Hollow",
    "features": {
      "b": 0.07,
      "h": 0.07,
      "t": 0.005
    }
  }
},
{
  "model": "RDM.section",
  "pk": 4,
  "fields": {
    "modified_date": "2020-01-14T21:24:25.781Z",
    "project": 4,
    "name": "s1",
    "material": 1,
    "Ax": 0.02202,
    "Iy": 0.001368461,
    "H": 1.0,
    "Cy": 1.0,
    "type": "I_Section",
    "features": {
      "b1": 0.3,
      "b2": 0.3,
      "hw": 0.54,
      "tw": 0.013000000000000001,
      "tf1": 0.025,
      "tf2": 0.025
    }
  }
},
{
  "model": "RDM.section",
  "pk": 5,
  "fields": {
    "modified_date": "2020-01-14T21:24:26.167Z",
    "project": 5,
    "name": "s1",
    "material": 1,
    "Ax": 0.02202,
    "Iy": 0.001368461,
    "H": 1.0,
    "Cy": 1.0,
    "type": "I_Section",
    "features": {
      "b1": 0.3,
      "b2": 0.3,
      "hw": 0.54,
      "tw": 0.013000000000000001,
      "tf1": 0.025,
      "tf2": 0.025
    }
  }
},
{
  "model": "RDM.bar",
  "pk": 1,
  "fields": {
    "modified_date": "2020-01-14T21:24:24.515Z",
    "project": 2,
    "name": 1,
    "N1": 1,
    "N2": 2,
    "Release": 1,
    "Section": 2,
    "L": 0.0,
    "Ch": "[\"0\", \"0\", \"0\"]",
    "Qg": "[\"0.0\", \"0.0\", \"0.0\"]",
    "Ql": "[\"0.0\", \"0.0\", \"0.0\"]",
    "Rg": "[\"0.0\", \"0.0\", \"0.0\"]",
    "Rl": "[\"0.0\", \"0.0\", \"0.0\"]",
    "EF": "[\"0\", \"0\", \"0\"]",
    "DP": "[\"0\", \"0\", \"0\"]",
    "S": "[\"0\", \"0\"]",
    "EFm": "[\"0;0\", \"0;0\", \"0;0\"]",
    "DPm": "[\"0;0\", \"0;0\", \"0;0\"]",
    "Sm": "[\"0;0\", \"0;0\"]"
  }
},
{
  "model": "RDM.bar",
  "pk": 2,
  "fields": {
    "modified_date": "2020-01-14T21:24:24.894Z",
    "project": 3,
    "name": 1,
    "N1": 3,
    "N2": 4,
    "Release": 4,
    "Section": 3,
    "L": 0.0,
    "Ch": "[\"0\", \"0\", \"0\"]",
    "Qg": "[\"0.0\", \"0.0\", \"0.0\"]",
    "Ql": "[\"0.0\", \"0.0\", \"0.0\"]",
    "Rg": "[\"0.0\", \"0.0\", \"0.0\"]",
    "Rl": "[\"0.0\", \"0.0\", \"0.0\"]",
    "EF": "[\"0\", \"0\", \"0\"]",
    "DP": "[\"0\", \"0\", \"0\"]",
    "S": "[\"0\", \"0\"]",
    "EFm": "[\"0;0\", \"0;0\", \"0;0\"]",
    "DPm": "[\"0;0\", \"0;0\", \"0;0\"]",
    "Sm": "[\"0;0\", \"0;0\"]"
  }
},
{
  "model": "RDM.bar",
  "pk": 3,
  "fields": {
    "modified_date": "2020-01-14T21:24:24.914Z",
    "project": 3,
    "name": 2,
    "N1": 4,
    "N2": 5,
    "Release": 4,
    "Section": 3,
    "L": 0.0,
    "Ch": "[\"0\", \"0\", \"0\"]",
    "Qg": "[\"0.0\", \"0.0\", \"0.0\"]",
    "Ql": "[\"0.0\", \"0.0\", \"0.0\"]",
    "Rg": "[\"0.0\", \"0.0\", \"0.0\"]",
    "Rl": "[\"0.0\", \"0.0\", \"0.0\"]",
    "EF": "[\"0\", \"0\", \"0\"]",
    "DP": "[\"0\", \"0\", \"0\"]",
    "S": "[\"0\", \"0\"]",
    "EFm": "[\"0;0\", \"0;0\", \"0;0\"]",
    "DPm": "[\"0;0\", \"0;0\", \"0;0\"]",
    "Sm": "[\"0;0\", \"0;0\"]"
  }
},
{
  "model": "RDM.bar",
  "pk": 4,
  "fields": {
    "modified_date": "2020-01-14T21:24:24.936Z",
    "project": 3,
    "name": 3,
    "N1": 5,
    "N2": 6,
    "Release": 4,
    "Section": 3,
    "L": 0.0,
    "Ch": "[\"0\", \"0\", \"0\"]",
    "Qg": "[\"0.0\", \"0.0\", \"0.0\"]",
    "Ql": "[\"0.0\", \"0.0\", \"0.0\"]",
    "Rg": "[\"0.0\", \"0.0\", \"0.0\"]",
    "Rl": "[\"0.0\", \"0.0\", \"0.0\"]",
    "EF": "[\"0\", \"0\", \"0\"]",
    "DP": "[\"0\", \"0\", \"0\"]",
    "S": "[\"0\", \"0\"]",
    "EFm": "[\"0;0\", \"0;0\", \"0;0\"]",
    "DPm": "[\"0;0\", \"0;0\", \"0;0\"]",
    "Sm": "[\"0;0\", \"0;0\"]"
  }
},
{
  "model": "RDM.bar",
  "pk": 5,
  "fields": {
    "modified_date": "2020-01-14T21:24:24.962Z",
    "project": 3,
    "name": 4,
    "N1": 4,
    "N2": 7,
    "Release": 4,
    "Section": 3,
    "L": 0.0,
    "Ch": "[\"0\", \"0\", \"0\"]",
    "Qg": "[\"0.0\", \"0.0\", \"0.0\"]",
    "Ql": "[\"0.0\", \"0.0\", \"0.0\"]",
    "Rg": "[\"0.0\", \"0.0\", \"0.0\"]",
    "Rl": "[\"0.0\", \"0.0\", \"0.0\"]",
    "EF": "[\"0\", \"0\", \"0\"]",
    "DP": "[\"0\", \"0\", \"0\"]",
    "S": "[\"0\", \"0\"]",
    "EFm": "[\"0;0\", \"0;0\", \"0;0\"]",
    "DPm": "[\"0;0\", \"0;0\", \"0;0\"]",
    "Sm": "[\"0;0\", \"0;0\"]"
  }
},
{
  "model": "RDM.bar",
  "pk": 6,
  "fields": {
    "modified_date": "2020-01-14T21:24:24.981Z",
    "project": 3,
    "name": 5,
    "N1": 5,
    "N2": 8,
    "Release": 4,
    "Section": 3,
    "L": 0.0,
    "Ch": "[\"0\", \"0\", \"0\"]",
    "Qg": "[\"0.0\", \"0.0\", \"0.0\"]",
    "Ql": "[\"0.0\", \"0.0\", \"0.0\"]",
    "Rg": "[\"0.0\", \"0.0\", \"0.0\"]",
    "Rl": "[\"0.0\", \"0.0\", \"0.0\"]",
    "EF": "[\"0\", \"0\", \"0\"]",
    "DP": "[\"0\", \"0\", \"0\"]",
    "S": "[\"0\", \"0\"]",
    "EFm": "[\"0;0\", \"0;0\", \"0;0\"]",
    "DPm": "[\"0;0\", \"0;0\", \"0;0\"]",
    "Sm": "[\"0;0\", \"0;0\"]"
  }
},
{
  "model": "RDM.bar",
  "pk": 7,
  "fields": {
    "modified_date": "2020-01-14T21:24:25.009Z",
    "project": 3,
    "name": 6,
    "N1": 3,
    "N2": 7,
    "Release": 4,
    "Section": 3,
    "L": 0.0,
    "Ch": "[\"0\", \"0\", \"0\"]",
    "Qg": "[\"0.0\", \"0.0\", \"0.0\"]",
    "Ql": "[\"0.0\", \"0.0\", \"0.0\"]",
    "Rg": "[\"0.0\", \"0.0\", \"0.0\"]",
    "Rl": "[\"0.0\", \"0.0\", \"0.0\"]",
    "EF": "[\"0\", \"0\", \"0\"]",
    "DP": "[\"0\", \"0\", \"0\"]",
    "S": "[\"0\", \"0\"]",
    "EFm": "[\"0;0\", \"0;0\", \"0;0\"]",
    "DPm": "[\"0;0\", \"0;0\", \"0;0\"]",
    "Sm": "[\"0;0\", \"0;0\"]"
  }
},
{
  "model": "RDM.bar",
  "pk": 8,
  "fields": {
    "modified_date": "2020-01-14T21:24:25.026Z",
    "project": 3,
    "name": 7,
    "N1": 7,
    "N2": 5,
    "Release": 4,
    "Section": 3,
    "L": 0.0,
    "Ch": "[\"0\", \"0\", \"0\"]",
    "Qg": "[\"0.0\", \"0.0\", \"0.0\"]",
    "Ql": "[\"0.0\", \"0.0\", \"0.0\"]",
    "Rg": "[\"0.0\", \"0.0\", \"0.0\"]",
    "Rl": "[\"0.0\", \"0.0\", \"0.0\"]",
    "EF": "[\"0\", \"0\", \"0\"]",
    "DP": "[\"0\", \"0\", \"0\"]",
    "S": "[\"0\", \"0\"]",
    "EFm": "[\"0;0\", \"0;0\", \"0;0\"]",
    "DPm": "[\"0;0\", \"0;0\", \"0;0\"]",
    "Sm": "[\"0;0\", \"0;0\"]"
  }
},
{
  "model": "RDM.bar",
  "pk": 9,
  "fields": {
    "modified_date": "2020-01-14T21:24:25.049Z",
    "project": 3,
    "name": 8,
    "N1": 7,
    "N2": 8,
    "Release": 4,
    "Section": 3,
    "L": 0.0,
    "Ch": "[\"0\", \"0\", \"0\"]",
    "Qg": "[\"0.0\", \"0.0\", \"0.0\"]",
    "Ql": "[\"0.0\", \"0.0\", \"0.0\"]",
    "Rg": "[\"0.0\", \"0.0\", \"0.0\"]",
    "Rl": "[\"0.0\", \"0.0\", \"0.0\"]",
    "EF": "[\"0\", \"0\", \"0\"]",
    "DP": "[\"0\", \"0\", \"0\"]",
    "S": "[\"0\", \"0\"]",
    "EFm": "[\"0;0\", \"0;0\", \"0;0\"]",
    "DPm": "[\"0;0\", \"0;0\", \"0;0\"]",
    "Sm": "[\"0;0\", \"0;0\"]"
  }
},
{
  "model": "RDM.bar",
  "pk": 10,
  "fields": {
    "modified_date": "2020-01-14T21:24:25.070Z",
    "project": 3,
    "name": 9,
    "N1": 8,
    "N2": 6,
    "Release": 4,
    "Section": 3,
    "L": 0.0,
    "Ch": "[\"0\", \"0\", \"0\"]",
    "Qg": "[\"0.0\", \"0.0\", \"0.0\"]",
    "Ql": "[\"0.0\", \"0.0\", \"0.0\"]",
    "Rg": "[\"0.0\", \"0.0\", \"0.0\"]",
    "Rl": "[\"0.0\", \"0.0\", \"0.0\"]",
    "EF": "[\"0\", \"0\", \"0\"]",
    "DP": "[\"0\", \"0\", \"0\"]",
    "S": "[\"0\", \"0\"]",
    "EFm": "[\"0;0\", \"0;0\", \"0;0\"]",
    "DPm": "[\"0;0\", \"0;0\", \"0;0\"]",
    "Sm": "[\"0;0\", \"0;0\"]"
  }
},
{
  "model": "RDM.bar",
  "pk": 11,
  "fields": {
    "modified_date": "2020-01-14T21:24:25.480Z",
    "project": 4,
    "name": 1,
    "N1": 9,
    "N2": 13,
    "Release": 1,
    "Section": 4,
    "L": 0.0,
    "Ch": "[\"0\", \"0\", \"0\"]",
    "Qg": "[\"0.0\", \"0.0\", \"0.0\"]",
    "Ql": "[\"0.0\", \"0.0\", \"0.0\"]",
    "Rg": "[\"0.0\", \"0.0\", \"0.0\"]",
    "Rl": "[\"0.0\", \"0.0\", \"0.0\"]",
    "EF": "[\"0\", \"0\", \"0\"]",
    "DP": "[\"0\", \"0\", \"0\"]",
    "S": "[\"0\", \"0\"]",
    "EFm": "[\"0;0\", \"0;0\", \"0;0\"]",
    "DPm": "[\"0;0\", \"0;0\", \"0;0\"]",
    "Sm": "[\"0;0\", \"0;0\"]"
  }
},
{
  "model": "RDM.bar",
  "pk": 12,
  "fields": {
    "modified_date": "2020-01-14T21:24:25.494Z",
    "project": 4,
    "name": 2,
    "N1": 13,
    "N2": 10,
    "Release": 1,
    "Section": 4,
    "L": 0.0,
    "Ch": "[\"0\", \"0\", \"0\"]",
    "Qg": "[\"0.0\", \"0.0\", \"0.0\"]",
    "Ql": "[\"0.0\", \"0.0\", \"0.0\"]",
    "Rg": "[\"0.0\", \"0.0\", \"0.0\"]",
    "Rl": "[\"0.0\", \"0.0\", \"0.0\"]",
    "EF": "[\"0\", \"0\", \"0\"]",
    "DP": "[\"0\", \"0\", \"0\"]",
    "S": "[\"0\", \"0\"]",
    "EFm": "[\"0;0\", \"0;0\", \"0;0\"]",
    "DPm": "[\"0;0\", \"0;0\", \"0;0\"]",
    "Sm": "[\"0;0\", \"0;0\"]"
  }
},
{
  "model": "RDM.bar",
  "pk": 13,
  "fields": {
    "modified_date": "2020-01-14T21:24:25.514Z",
    "project": 4,
    "name": 3,
    "N1": 10,
    "N2": 14,
    "Release": 1,
    "Section": 4,
    "L": 0.0,
    "Ch": "[\"0\", \"0\", \"0\"]",
    "Qg": "[\"0.0\", \"0.0\", \"0.0\"]",
    "Ql": "[\"0.0\", \"0.0\", \"0.0\"]",
    "Rg": "[\"0.0\", \"0.0\", \"0.0\"]",
    "Rl": "[\"0.0\", \"0.0\", \"0.0\"]",
    "EF": "[\"0\", \"0\", \"0\"]",
    "DP": "[\"0\", \"0\", \"0\"]",
    "S": "[\"0\", \"0\"]",
    "EFm": "[\"0;0\", \"0;0\", \"0;0\"]",
    "DPm": "[\"0;0\", \"0;0\", \"0;0\"]",
    "Sm": "[\"0;0\", \"0;0\"]"
  }
},
{
  "model": "RDM.bar",
  "pk": 14,
  "fields": {
    "modified_date": "2020-01-14T21:24:25.536Z",
    "project": 4,
    "name": 4,
    "N1": 14,
    "N2": 11,
    "Release": 1,
    "Section": 4,
    "L": 0.0,
    "Ch": "[\"0\", \"0\", \"0\"]",
    "Qg": "[\"0.0\", \"0.0\", \"0.0\"]",
    "Ql": "[\"0.0\", \"0.0\", \"0.0\"]",
    "Rg": "[\"0.0\", \"0.0\", \"0.0\"]",
    "Rl": "[\"0.0\", \"0.0\", \"0.0\"]",
    "EF": "[\"0\", \"0\", \"0\"]",
    "DP": "[\"0\", \"0\", \"0\"]",
    "S": "[\"0\", \"0\"]",
    "EFm": "[\"0;0\", \"0;0\", \"0;0\"]",
    "DPm": "[\"0;0\", \"0;0\", \"0;0\"]",
    "Sm": "[\"0;0\", \"0;0\"]"
  }
},
{
  "model": "RDM.bar",
  "pk": 15,
  "fields": {
    "modified_date": "2020-01-14T21:24:25.562Z",
    "project": 4,
    "name": 5,
    "N1": 11,
    "N2": 15,
    "Release": 1,
    "Section": 4,
    "L": 0.0,
    "Ch": "[\"0\", \"0\", \"0\"]",
    "Qg": "[\"0.0\", \"0.0\", \"0.0\"]",
    "Ql": "[\"0.0\", \"0.0\", \"0.0\"]",
    "Rg": "[\"0.0\", \"0.0\", \"0.0\"]",
    "Rl": "[\"0.0\", \"0.0\", \"0.0\"]",
    "EF": "[\"0\", \"0\", \"0\"]",
    "DP": "[\"0\", \"0\", \"0\"]",
    "S": "[\"0\", \"0\"]",
    "EFm": "[\"0;0\", \"0;0\", \"0;0\"]",
    "DPm": "[\"0;0\", \"0;0\", \"0;0\"]",
    "Sm": "[\"0;0\", \"0;0\"]"
  }
},
{
  "model": "RDM.bar",
  "pk": 16,
  "fields": {
    "modified_date": "2020-01-14T21:24:25.581Z",
    "project": 4,
    "name": 6,
    "N1": 15,
    "N2": 12,
    "Release": 1,
    "Section": 4,
    "L": 0.0,
    "Ch": "[\"0\", \"0\", \"0\"]",
    "Qg": "[\"0.0\", \"0.0\", \"0.0\"]",
    "Ql": "[\"0.0\", \"0.0\", \"0.0\"]",
    "Rg": "[\"0.0\", \"0.0\", \"0.0\"]",
    "Rl": "[\"0.0\", \"0.0\", \"0.0\"]",
    "EF": "[\"0\", \"0\", \"0\"]",
    "DP": "[\"0\", \"0\", \"0\"]",
    "S": "[\"0\", \"0\"]",
    "EFm": "[\"0;0\", \"0;0\", \"0;0\"]",
    "DPm": "[\"0;0\", \"0;0\", \"0;0\"]",
    "Sm": "[\"0;0\", \"0;0\"]"
  }
},
{
  "model": "RDM.bar",
  "pk": 17,
  "fields": {
    "modified_date": "2020-01-14T21:24:26.002Z",
    "project": 5,
    "name": 1,
    "N1": 16,
    "N2": 17,
    "Release": 1,
    "Section": 5,
    "L": 0.0,
    "Ch": "[\"0\", \"0\", \"0\"]",
    "Qg": "[\"0.0\", \"0.0\", \"0.0\"]",
    "Ql": "[\"0.0\", \"0.0\", \"0.0\"]",
    "Rg": "[\"0.0\", \"0.0\", \"0.0\"]",
    "Rl": "[\"0.0\", \"0.0\", \"0.0\"]",
    "EF": "[\"0\", \"0\", \"0\"]",
    "DP": "[\"0\", \"0\", \"0\"]",
    "S": "[\"0\", \"0\"]",
    "EFm": "[\"0;0\", \"0;0\", \"0;0\"]",
    "DPm": "[\"0;0\", \"0;0\", \"0;0\"]",
    "Sm": "[\"0;0\", \"0;0\"]"
  }
},
{
  "model": "RDM.bar",
  "pk": 18,
  "fields": {
    "modified_date": "2020-01-14T21:24:26.013Z",
    "project": 5,
    "name": 2,
    "N1": 17,
    "N2": 18,
    "Release": 2,
    "Section": 5,
    "L": 0.0,
    "Ch": "[\"0\", \"0\", \"0\"]",
    "Qg": "[\"0.0\", \"0.0\", \"0.0\"]",
    "Ql": "[\"0.0\", \"0.0\", \"0.0\"]",
    "Rg": "[\"0.0\", \"0.0\", \"0.0\"]",
    "Rl": "[\"0.0\", \"0.0\", \"0.0\"]",
    "EF": "[\"0\", \"0\", \"0\"]",
    "DP": "[\"0\", \"0\", \"0\"]",
    "S": "[\"0\", \"0\"]",
    "EFm": "[\"0;0\", \"0;0\", \"0;0\"]",
    "DPm": "[\"0;0\", \"0;0\", \"0;0\"]",
    "Sm": "[\"0;0\", \"0;0\"]"
  }
},
{
  "model": "RDM.bar",
  "pk": 19,
  "fields": {
    "modified_date": "2020-01-14T21:24:26.025Z",
    "project": 5,
    "name": 3,
    "N1": 18,
    "N2": 19,
    "Release": 3,
    "Section": 5,
    "L": 0.0,
    "Ch": "[\"0\", \"0\", \"0\"]",
    "Qg": "[\"0.0\", \"0.0\", \"0.0\"]",
    "Ql": "[\"0.0\", \"0.0\", \"0.0\"]",
    "Rg": "[\"0.0\", \"0.0\", \"0.0\"]",
    "Rl": "[\"0.0\", \"0.0\", \"0.0\"]",
    "EF": "[\"0\", \"0\", \"0\"]",
    "DP": "[\"0\", \"0\", \"0\"]",
    "S": "[\"0\", \"0\"]",
    "EFm": "[\"0;0\", \"0;0\", \"0;0\"]",
    "DPm": "[\"0;0\", \"0;0\", \"0;0\"]",
    "Sm": "[\"0;0\", \"0;0\"]"
  }
},
{
  "model": "RDM.bar",
  "pk": 20,
  "fields": {
    "modified_date": "2020-01-14T21:24:26.049Z",
    "project": 5,
    "name": 4,
    "N1": 19,
    "N2": 20,
    "Release": 1,
    "Section": 5,
    "L": 0.0,
    "Ch": "[\"0\", \"0\", \"0\"]",
    "Qg": "[\"0.0\", \"0.0\", \"0.0\"]",
    "Ql": "[\"0.0\", \"0.0\", \"0.0\"]",
    "Rg": "[\"0.0\", \"0.0\", \"0.0\"]",
    "Rl": "[\"0.0\", \"0.0\", \"0.0\"]",
    "EF": "[\"0\", \"0\", \"0\"]",
    "DP": "[\"0\", \"0\", \"0\"]",
    "S": "[\"0\", \"0\"]",
    "EFm": "[\"0;0\", \"0;0\", \"0;0\"]",
    "DPm": "[\"0;0\", \"0;0\", \"0;0\"]",
    "Sm": "[\"0;0\", \"0;0\"]"
  }
},
{
  "model": "RDM.dl",
  "pk": 1,
  "fields": {
    "modified_date": "2020-01-14T21:24:24.742Z",
    "project": 2,
    "name": "UL20",
    "type": "Uniform_Load",
    "Axes": "G",
    "features": {
      "MY": 0,
      "PX": 0,
      "PZ": -0.02
    },
    "bars": [
      1
    ]
  }
},
{
  "model": "RDM.dl",
  "pk": 2,
  "fields": {
    "modified_date": "2020-01-14T21:24:25.863Z",
    "project": 4,
    "name": "q",
    "type": "Uniform_Load",
    "Axes": "G",
    "features": {
      "MY": 0,
      "PX": 0,
      "PZ": -0.01
    },
    "bars": [
      13
    ]
  }
},
{
  "model": "RDM.dl",
  "pk": 3,
  "fields": {
    "modified_date": "2020-01-14T21:24:26.296Z",
    "project": 5,
    "name": "q1",
    "type": "Uniform_Load",
    "Axes": "G",
    "features": {
      "MY": 0,
      "PX": 0.01,
      "PZ": 0
    },
    "bars": [
      17
    ]
  }
},
{
  "model": "RDM.dl",
  "pk": 4,
  "fields": {
    "modified_date": "2020-01-14T21:24:26.318Z",
    "project": 5,
    "name": "q2",
    "type": "Uniform_Load",
    "Axes": "G",
    "features": {
      "MY": 0,
      "PX": 0,
      "PZ": -0.05
    },
    "bars": [
      18,
      19
    ]
  }
}
]
