[{"model": "RDM.project", "pk": 1, "fields": {"modified_date": "2020-01-14T21:24:24.030Z", "name": "Default", "user": 1, "auth": "private", "results": false, "preferences": {"cdb": ["Distributed Loads", "Section", "Release"], "cdn": ["Point Loads", "Support"]}, "variables": {}}}, {"model": "RDM.project", "pk": 2, "fields": {"modified_date": "2020-03-01T09:44:23.168Z", "name": "project 1", "user": 1, "auth": "public", "results": true, "preferences": {"cdb": ["Distributed Loads", "Section", "Release"], "cdn": ["Point Loads", "Support"]}, "variables": {}}}, {"model": "RDM.project", "pk": 3, "fields": {"modified_date": "2020-03-01T09:44:50.683Z", "name": "Truss Structure", "user": 1, "auth": "public", "results": true, "preferences": {"cdb": ["Distributed Loads", "Section", "Release"], "cdn": ["Point Loads", "Support"]}, "variables": {}}}, {"model": "RDM.project", "pk": 4, "fields": {"modified_date": "2020-03-01T09:45:05.859Z", "name": "Frame Structure", "user": 1, "auth": "public", "results": true, "preferences": {"cdb": ["Distributed Loads", "Section", "Release"], "cdn": ["Point Loads", "Support"]}, "variables": {}}}, {"model": "RDM.project", "pk": 5, "fields": {"modified_date": "2020-03-01T09:45:22.181Z", "name": "Beams with Internal Hinges", "user": 1, "auth": "public", "results": true, "preferences": {"cdb": ["Distributed Loads", "Section", "Release"], "cdn": ["Point Loads", "Support"]}, "variables": {}}}, {"model": "RDM.support", "pk": 1, "fields": {"modified_date": "2020-01-14T21:24:24.084Z", "project": 1, "name": "None", "UX": false, "UZ": false, "RY": false}}, {"model": "RDM.support", "pk": 2, "fields": {"modified_date": "2020-01-14T21:24:24.147Z", "project": 1, "name": "Roller Z", "UX": true, "UZ": false, "RY": false}}, {"model": "RDM.support", "pk": 3, "fields": {"modified_date": "2020-01-14T21:24:24.184Z", "project": 1, "name": "Roller X", "UX": false, "UZ": true, "RY": false}}, {"model": "RDM.support", "pk": 4, "fields": {"modified_date": "2020-01-14T21:24:24.229Z", "project": 1, "name": "Pinned", "UX": true, "UZ": true, "RY": false}}, {"model": "RDM.support", "pk": 5, "fields": {"modified_date": "2020-01-14T21:24:24.282Z", "project": 1, "name": "Fixed", "UX": true, "UZ": true, "RY": true}}, {"model": "RDM.node", "pk": 1, "fields": {"modified_date": "2020-03-01T09:44:23.121Z", "project": 2, "Support": 4, "name": 1, "X": 0.0, "Z": 0.0, "Fn": "[\"0.0\", \"0.0\", \"0.0\"]", "Dp": "[\"0.0\", \"0.0\", \"-0.00208333333333332\"]", "Rc": "[\"0.0\", \"0.0400000000000002\", \"0.0\"]"}}, {"model": "RDM.node", "pk": 2, "fields": {"modified_date": "2020-03-01T09:44:23.133Z", "project": 2, "Support": 3, "name": 2, "X": 4.0, "Z": 0.0, "Fn": "[\"0.0\", \"0.0\", \"0.0\"]", "Dp": "[\"0.0\", \"0.0\", \"0.00208333333333333\"]", "Rc": "[\"0.0\", \"0.0399999999999998\", \"0.0\"]"}}, {"model": "RDM.node", "pk": 3, "fields": {"modified_date": "2020-03-01T09:44:50.420Z", "project": 3, "Support": 4, "name": 1, "X": 0.0, "Z": 0.0, "Fn": "[\"0.0\", \"-0.018\", \"0.0\"]", "Dp": "[\"0.0\", \"0.0\", \"0.0\"]", "Rc": "[\"0.0\", \"0.0539999999999999\", \"0.0\"]"}}, {"model": "RDM.node", "pk": 4, "fields": {"modified_date": "2020-03-01T09:44:50.432Z", "project": 3, "Support": 1, "name": 2, "X": 2.0, "Z": 0.0, "Fn": "[\"0.0\", \"-0.036\", \"0.0\"]", "Dp": "[\"-0.000376766091051805\", \"-0.00226732856372917\", \"0.0\"]", "Rc": "[\"0.0\", \"0.0\", \"0.0\"]"}}, {"model": "RDM.node", "pk": 5, "fields": {"modified_date": "2020-03-01T09:44:50.444Z", "project": 3, "Support": 1, "name": 3, "X": 4.0, "Z": 0.0, "Fn": "[\"0.0\", \"-0.036\", \"0.0\"]", "Dp": "[\"-0.000753532182103609\", \"-0.0018163383172672\", \"0.0\"]", "Rc": "[\"0.0\", \"0.0\", \"0.0\"]"}}, {"model": "RDM.node", "pk": 6, "fields": {"modified_date": "2020-03-01T09:44:50.455Z", "project": 3, "Support": 3, "name": 4, "X": 6.0, "Z": 0.0, "Fn": "[\"0.0\", \"0.0\", \"0.0\"]", "Dp": "[\"-0.00101726844583987\", \"0.0\", \"0.0\"]", "Rc": "[\"0.0\", \"0.0359999999999999\", \"0.0\"]"}}, {"model": "RDM.node", "pk": 7, "fields": {"modified_date": "2020-03-01T09:44:50.466Z", "project": 3, "Support": 1, "name": 5, "X": 2.0, "Z": -1.4, "Fn": "[\"0.0\", \"0.0\", \"0.0\"]", "Dp": "[\"-0.000772645804942229\", \"-0.00208271317911378\", \"0.0\"]", "Rc": "[\"0.0\", \"0.0\", \"0.0\"]"}}, {"model": "RDM.node", "pk": 8, "fields": {"modified_date": "2020-03-01T09:44:50.477Z", "project": 3, "Support": 1, "name": 6, "X": 4.0, "Z": -2.0, "Fn": "[\"0.0\", \"0.0\", \"0.0\"]", "Dp": "[\"-0.000289746073560673\", \"-0.00147348117441006\", \"0.0\"]", "Rc": "[\"0.0\", \"0.0\", \"0.0\"]"}}, {"model": "RDM.node", "pk": 9, "fields": {"modified_date": "2020-03-01T09:45:05.653Z", "project": 4, "Support": 3, "name": 1, "X": 0.0, "Z": 0.0, "Fn": "[\"0.0\", \"0.0\", \"0.0\"]", "Dp": "[\"-0.0207430820261992\", \"0.0\", \"-0.003270145215932\"]", "Rc": "[\"0.0\", \"0.0467857142857088\", \"0.0\"]"}}, {"model": "RDM.node", "pk": 10, "fields": {"modified_date": "2020-03-01T09:45:05.666Z", "project": 4, "Support": 1, "name": 2, "X": 4.0, "Z": 4.0, "Fn": "[\"0.0\", \"0.0\", \"0.0\"]", "Dp": "[\"-0.0100096411527012\", \"-0.0107784413977352\", \"-0.00162508766640159\"]", "Rc": "[\"0.0\", \"0.0\", \"0.0\"]"}}, {"model": "RDM.node", "pk": 11, "fields": {"modified_date": "2020-03-01T09:45:05.678Z", "project": 4, "Support": 1, "name": 3, "X": 10.0, "Z": 4.0, "Fn": "[\"0.0\", \"0.0\", \"0.0\"]", "Dp": "[\"-0.0100096411527012\", \"-0.010031922965673\", \"0.00171547415554929\"]", "Rc": "[\"0.0\", \"0.0\", \"0.0\"]"}}, {"model": "RDM.node", "pk": 12, "fields": {"modified_date": "2020-03-01T09:45:05.689Z", "project": 4, "Support": 4, "name": 4, "X": 14.0, "Z": 0.0, "Fn": "[\"0.0\", \"0.0\", \"0.0\"]", "Dp": "[\"0.0\", \"0.0\", \"0.00292466175605876\"]", "Rc": "[\"0.0100000000000022\", \"0.0232142857142888\", \"0.0\"]"}}, {"model": "RDM.node", "pk": 13, "fields": {"modified_date": "2020-03-01T09:45:05.700Z", "project": 4, "Support": 1, "name": 5, "X": 2.0, "Z": 2.0, "Fn": "[\"0.0\", \"-0.02\", \"0.0\"]", "Dp": "[\"-0.0145240836872222\", \"-0.00624761517720546\", \"-0.00280966970527281\"]", "Rc": "[\"0.0\", \"0.0\", \"0.0\"]"}}, {"model": "RDM.node", "pk": 14, "fields": {"modified_date": "2020-03-01T09:45:05.711Z", "project": 4, "Support": 1, "name": 6, "X": 7.0, "Z": 4.0, "Fn": "[\"0.0\", \"-0.02\", \"0.0\"]", "Dp": "[\"-0.0100096411527012\", \"-0.0130476187791457\", \"0.000173819787941377\"]", "Rc": "[\"0.0\", \"0.0\", \"0.0\"]"}}, {"model": "RDM.node", "pk": 15, "fields": {"modified_date": "2020-03-01T09:45:05.722Z", "project": 4, "Support": 1, "name": 7, "X": 12.0, "Z": 2.0, "Fn": "[\"-0.01\", \"0.0\", \"0.0\"]", "Dp": "[\"-0.00562734722839166\", \"-0.00563542984682262\", \"0.00259775929429314\"]", "Rc": "[\"0.0\", \"0.0\", \"0.0\"]"}}, {"model": "RDM.node", "pk": 16, "fields": {"modified_date": "2020-03-01T09:45:22.033Z", "project": 5, "Support": 4, "name": 1, "X": 0.0, "Z": 0.0, "Fn": "[\"0.0\", \"0.0\", \"0.0\"]", "Dp": "[\"0.0\", \"0.0\", \"-0.0016280897179696\"]", "Rc": "[\"-0.012500000000003\", \"0.0958333333333289\", \"0.0\"]"}}, {"model": "RDM.node", "pk": 17, "fields": {"modified_date": "2020-03-01T09:45:22.045Z", "project": 5, "Support": 1, "name": 2, "X": 0.0, "Z": 5.0, "Fn": "[\"0.04\", \"0.0\", \"0.0\"]", "Dp": "[\"0.00814044858984777\", \"-0.000103621527327245\", \"-0.00180932679598329\"]", "Rc": "[\"0.0\", \"0.0\", \"0.0\"]"}}, {"model": "RDM.node", "pk": 18, "fields": {"modified_date": "2020-03-01T09:45:22.057Z", "project": 5, "Support": 1, "name": 3, "X": 3.0, "Z": 5.0, "Fn": "[\"0.0\", \"0.0\", \"0.0\"]", "Dp": "[\"0.00809016962267507\", \"-0.00559684726336187\", \"0.0\"]", "Rc": "[\"0.0\", \"0.0\", \"0.0\"]"}}, {"model": "RDM.node", "pk": 19, "fields": {"modified_date": "2020-03-01T09:45:22.067Z", "project": 5, "Support": 1, "name": 4, "X": 6.0, "Z": 5.0, "Fn": "[\"0.0\", \"0.0\", \"0.0\"]", "Dp": "[\"0.00803989065550237\", \"-0.000220758906045015\", \"0.000639361636270979\"]", "Rc": "[\"0.0\", \"0.0\", \"0.0\"]"}}, {"model": "RDM.node", "pk": 20, "fields": {"modified_date": "2020-03-01T09:45:22.078Z", "project": 5, "Support": 4, "name": 5, "X": 6.0, "Z": 0.0, "Fn": "[\"0.0\", \"0.0\", \"0.0\"]", "Dp": "[\"0.0\", \"0.0\", \"-0.0027316480147862\"]", "Rc": "[\"-0.0775000000000014\", \"0.204166666666671\", \"0.0\"]"}}, {"model": "RDM.pl", "pk": 1, "fields": {"modified_date": "2020-01-14T21:24:25.275Z", "project": 3, "name": "Q", "FX": 0.0, "FZ": -0.018, "CY": 0.0, "nodes": [3]}}, {"model": "RDM.pl", "pk": 2, "fields": {"modified_date": "2020-01-14T21:24:25.307Z", "project": 3, "name": "P", "FX": 0.0, "FZ": -0.036, "CY": 0.0, "nodes": [4, 5]}}, {"model": "RDM.pl", "pk": 3, "fields": {"modified_date": "2020-01-14T21:24:25.808Z", "project": 4, "name": "P", "FX": 0.0, "FZ": -0.02, "CY": 0.0, "nodes": [13, 14]}}, {"model": "RDM.pl", "pk": 4, "fields": {"modified_date": "2020-01-14T21:24:25.829Z", "project": 4, "name": "Q", "FX": -0.01, "FZ": 0.0, "CY": 0.0, "nodes": [15]}}, {"model": "RDM.pl", "pk": 5, "fields": {"modified_date": "2020-01-14T21:24:26.218Z", "project": 5, "name": "P", "FX": 0.04, "FZ": 0.0, "CY": 0.0, "nodes": [17]}}, {"model": "RDM.release", "pk": 1, "fields": {"modified_date": "2020-01-14T21:24:24.376Z", "project": 1, "name": "None", "UX1": false, "UZ1": false, "RY1": false, "UX2": false, "UZ2": false, "RY2": false}}, {"model": "RDM.release", "pk": 2, "fields": {"modified_date": "2020-01-14T21:24:24.384Z", "project": 1, "name": "F-P", "UX1": false, "UZ1": false, "RY1": false, "UX2": false, "UZ2": false, "RY2": true}}, {"model": "RDM.release", "pk": 3, "fields": {"modified_date": "2020-01-14T21:24:24.396Z", "project": 1, "name": "P-F", "UX1": false, "UZ1": false, "RY1": true, "UX2": false, "UZ2": false, "RY2": false}}, {"model": "RDM.release", "pk": 4, "fields": {"modified_date": "2020-01-14T21:24:24.408Z", "project": 1, "name": "P-P", "UX1": false, "UZ1": false, "RY1": true, "UX2": false, "UZ2": false, "RY2": true}}, {"model": "RDM.material", "pk": 1, "fields": {"modified_date": "2020-01-14T21:24:24.325Z", "project": 1, "name": "Steel", "YM": 210000.0, "Density": 0.077}}, {"model": "RDM.material", "pk": 2, "fields": {"modified_date": "2020-01-14T21:24:24.529Z", "project": 2, "name": "m1", "YM": 24000.0, "Density": 0.0}}, {"model": "RDM.material", "pk": 3, "fields": {"modified_date": "2020-01-14T21:24:25.084Z", "project": 3, "name": "m1", "YM": 210000.0, "Density": 0.0}}, {"model": "RDM.section", "pk": 1, "fields": {"modified_date": "2020-01-14T21:24:24.351Z", "project": 1, "name": "Default", "material": 1, "Ax": 0.01, "Iy": 0.0001, "H": 1.0, "Cy": 1.0, "type": "Custom", "features": {"H": 0.1, "Ax": 0.01, "Cy": 0.05, "Iy": 0.0001}}}, {"model": "RDM.section", "pk": 2, "fields": {"modified_date": "2020-01-14T21:24:24.719Z", "project": 2, "name": "s1", "material": 2, "Ax": 0.08, "Iy": 0.00106666666666667, "H": 1.0, "Cy": 1.0, "type": "Rectangular", "features": {"b": 0.2, "h": 0.4}}}, {"model": "RDM.section", "pk": 3, "fields": {"modified_date": "2020-01-14T21:24:25.228Z", "project": 3, "name": "s1", "material": 3, "Ax": 0.0013, "Iy": 9.20833333333335e-07, "H": 1.0, "Cy": 1.0, "type": "Rectangular_Hollow", "features": {"b": 0.07, "h": 0.07, "t": 0.005}}}, {"model": "RDM.section", "pk": 4, "fields": {"modified_date": "2020-01-14T21:24:25.781Z", "project": 4, "name": "s1", "material": 1, "Ax": 0.02202, "Iy": 0.001368461, "H": 1.0, "Cy": 1.0, "type": "I_Section", "features": {"b1": 0.3, "b2": 0.3, "hw": 0.54, "tw": 0.013000000000000001, "tf1": 0.025, "tf2": 0.025}}}, {"model": "RDM.section", "pk": 5, "fields": {"modified_date": "2020-01-14T21:24:26.167Z", "project": 5, "name": "s1", "material": 1, "Ax": 0.02202, "Iy": 0.001368461, "H": 1.0, "Cy": 1.0, "type": "I_Section", "features": {"b1": 0.3, "b2": 0.3, "hw": 0.54, "tw": 0.013000000000000001, "tf1": 0.025, "tf2": 0.025}}}, {"model": "RDM.bar", "pk": 1, "fields": {"modified_date": "2020-03-01T09:44:23.155Z", "project": 2, "name": 1, "N1": 1, "N2": 2, "Release": 1, "Section": 2, "L": 4.0, "Ch": "[\"0\", \"0\", \"0\"]", "Qg": "[\"0.0\", \"0.0\", \"-0.00208333333333332\", \"0.0\", \"0.0\", \"0.00208333333333333\"]", "Ql": "[\"0.0\", \"0.0\", \"-0.00208333333333332\", \"0.0\", \"0.0\", \"0.00208333333333333\"]", "Rg": "[\"0.0\", \"0.0400000000000002\", \"0.0\", \"0.0\", \"0.0399999999999998\", \"3.46944695195361e-18\"]", "Rl": "[\"0.0\", \"0.0400000000000002\", \"0.0\", \"0.0\", \"0.0399999999999998\", \"3.46944695195361e-18\"]", "EF": {"FX": "0.0", "FZ": "-0.02,0.04", "MY": "0.01,-0.04,0.0"}, "DP": {"RY": "-0.0001302083333,0.00078125,0.0,-0.0020833333333", "UX": "0.0", "UZ": "-3.25520833e-05,0.0002604166667,0.0,-0.0020833333333,0.0"}, "S": {"Sinf": "-9.375,37.5,0.0", "Ssup": "0.0"}, "EFm": {"FX": "0,4.0;0,0", "FZ": "0,4.0;0.0400000000000002,-0.0399999999999998", "MY": "0,2.00000000000000,4.0;0.0,-0.0400000000000004,-8.049116928532385e-16"}, "DPm": {"RY": "0,4.0;-0.00208333333333332,0.0020833333333334005", "UX": "0,4.0;0,0", "UZ": "0,2.00000000000000,4.0;0.0,-0.00260416666666663,1.0928757898653885e-16"}, "Sm": {"Sinf": "0,2.00000000000000,4.0;0.0,37.5000000000003,8.810729923425242e-13", "Ssup": "0,4.0;0,0"}}}, {"model": "RDM.bar", "pk": 2, "fields": {"modified_date": "2020-03-01T09:44:50.670Z", "project": 3, "name": 1, "N1": 3, "N2": 4, "Release": 4, "Section": 3, "L": 2.0, "Ch": "[\"0\", \"0\", \"0\"]", "Qg": "[\"0.0\", \"0.0\", \"-0.00113366428186458\", \"-0.000376766091051805\", \"-0.00226732856372917\", \"-0.00113366428186459\"]", "Ql": "[\"0.0\", \"0.0\", \"-0.00113366428186458\", \"-0.000376766091051805\", \"-0.00226732856372917\", \"-0.00113366428186459\"]", "Rg": "[\"0.0514285714285713\", \"0.0\", \"-5.42101086242752e-20\", \"-0.0514285714285713\", \"-2.16840434497101e-19\", \"1.0842021724855e-19\"]", "Rl": "[\"0.0514285714285713\", \"0.0\", \"-5.42101086242752e-20\", \"-0.0514285714285713\", \"-2.16840434497101e-19\", \"1.0842021724855e-19\"]", "EF": {"FX": "0.0514285714286", "FZ": "0.0", "MY": "-0.0"}, "DP": {"RY": "0.0,-0.0011336642819", "UX": "0.0001883830455,0.0", "UZ": "0.0,-0.0011336642819,0.0"}, "S": {"Sinf": "39.5604395604", "Ssup": "39.5604395604"}, "EFm": {"FX": "0,2.0;0.0514285714285713,0.0514285714285713", "FZ": "0,2.0;0,0", "MY": "0,2.0;-5.42101086242752e-20,-5.42101086242752e-20"}, "DPm": {"RY": "0,2.0;-0.00113366428186458,-0.0011336642818645794", "UX": "0,2.0;0.0,0.000376766091051804", "UZ": "0,2.0;0.0,-0.0022673285637291596"}, "Sm": {"Sinf": "0,2.0;39.5604395604395,39.5604395604395", "Ssup": "0,2.0;39.5604395604395,39.5604395604395"}}}, {"model": "RDM.bar", "pk": 3, "fields": {"modified_date": "2020-03-01T09:44:50.654Z", "project": 3, "name": 2, "N1": 4, "N2": 5, "Release": 4, "Section": 3, "L": 2.0, "Ch": "[\"0\", \"0\", \"0\"]", "Qg": "[\"-0.000376766091051805\", \"-0.00226732856372917\", \"0.000225495123230981\", \"-0.000753532182103609\", \"-0.0018163383172672\", \"0.000225495123230983\"]", "Ql": "[\"-0.000376766091051805\", \"-0.00226732856372917\", \"0.000225495123230981\", \"-0.000753532182103609\", \"-0.0018163383172672\", \"0.000225495123230983\"]", "Rg": "[\"0.0514285714285713\", \"-2.16840434497101e-19\", \"8.13151629364128e-20\", \"-0.0514285714285713\", \"-2.16840434497101e-19\", \"5.42101086242752e-20\"]", "Rl": "[\"0.0514285714285713\", \"-2.16840434497101e-19\", \"8.13151629364128e-20\", \"-0.0514285714285713\", \"-2.16840434497101e-19\", \"5.42101086242752e-20\"]", "EF": {"FX": "0.0514285714286", "FZ": "-0.0", "MY": "0.0,0.0"}, "DP": {"RY": "-0.0,-0.0,0.0002254951232", "UX": "0.0001883830455,-0.0003767660911", "UZ": "-0.0,-0.0,0.0002254951232,-0.0022673285637"}, "S": {"Sinf": "-0.0,39.5604395604", "Ssup": "39.5604395604"}, "EFm": {"FX": "0,2.0;0.0514285714285713,0.0514285714285713", "FZ": "0,2.0;-2.16840434497101e-19,-2.16840434497101e-19", "MY": "0,2.0;8.13151629364128e-20,5.149960319306148e-19"}, "DPm": {"RY": "0,2.0;0.000225495123230981,0.00022549512323097792", "UX": "0,2.0;-0.000376766091051805,-9.75781955236954e-19", "UZ": "0,2.0;-0.00226732856372917,-0.0018163383172672104"}, "Sm": {"Sinf": "0,2.0;39.5604395604394,39.56043956043893", "Ssup": "0,2.0;39.5604395604395,39.5604395604395"}}}, {"model": "RDM.bar", "pk": 4, "fields": {"modified_date": "2020-03-01T09:44:50.633Z", "project": 3, "name": 3, "N1": 5, "N2": 6, "Release": 4, "Section": 3, "L": 2.0, "Ch": "[\"0\", \"0\", \"0\"]", "Qg": "[\"-0.000753532182103609\", \"-0.0018163383172672\", \"0.0009081691586336\", \"-0.00101726844583987\", \"0.0\", \"0.000908169158633604\"]", "Ql": "[\"-0.000753532182103609\", \"-0.0018163383172672\", \"0.0009081691586336\", \"-0.00101726844583987\", \"0.0\", \"0.000908169158633604\"]", "Rg": "[\"0.0359999999999999\", \"-2.71050543121376e-19\", \"-1.62630325872826e-19\", \"-0.0359999999999999\", \"5.42101086242752e-20\", \"-1.62630325872826e-19\"]", "Rl": "[\"0.0359999999999999\", \"-2.71050543121376e-19\", \"-1.62630325872826e-19\", \"-0.0359999999999999\", \"5.42101086242752e-20\", \"-1.62630325872826e-19\"]", "EF": {"FX": "0.036", "FZ": "-0.0", "MY": "0.0,-0.0"}, "DP": {"RY": "-0.0,0.0,0.0009081691586", "UX": "0.0001318681319,-0.0007535321821", "UZ": "-0.0,0.0,0.0009081691586,-0.0018163383173"}, "S": {"Sinf": "-0.0,27.6923076923", "Ssup": "27.6923076923"}, "EFm": {"FX": "0,2.0;0.0359999999999999,0.0359999999999999", "FZ": "0,2.0;-2.71050543121376e-19,-2.71050543121376e-19", "MY": "0,2.0;-1.62630325872826e-19,3.79470760369926e-19"}, "DPm": {"RY": "0,0.600000000000001,2.0;0.0009081691586336,0.000908169158633600,0.0009081691586335989", "UX": "0,2.0;-0.000753532182103609,-0.000489795918367345", "UZ": "0,2.0;-0.0018163383172672,-1.8689113078827213e-19"}, "Sm": {"Sinf": "0,2.0;27.6923076923078,27.69230769230721", "Ssup": "0,2.0;27.6923076923076,27.6923076923076"}}}, {"model": "RDM.bar", "pk": 5, "fields": {"modified_date": "2020-03-01T09:44:50.606Z", "project": 3, "name": 4, "N1": 4, "N2": 7, "Release": 4, "Section": 3, "L": 1.4, "Ch": "[\"0\", \"0\", \"0\"]", "Qg": "[\"-0.000376766091051805\", \"-0.00226732856372917\", \"-0.000282771224207446\", \"-0.000772645804942229\", \"-0.00208271317911378\", \"-0.000282771224207446\"]", "Ql": "[\"0.00226732856372917\", \"-0.000376766091051805\", \"-0.000282771224207446\", \"0.00208271317911378\", \"-0.000772645804942229\", \"-0.000282771224207446\"]", "Rg": "[\"-1.35525271560688e-19\", \"-0.0359999999999999\", \"-5.42101086242752e-20\", \"2.98155597433514e-19\", \"0.0359999999999999\", \"0.0\"]", "Rl": "[\"0.0359999999999999\", \"-1.35525271560688e-19\", \"-5.42101086242752e-20\", \"-0.0359999999999999\", \"2.98155597433514e-19\", \"0.0\"]", "EF": {"FX": "0.036", "FZ": "-0.0", "MY": "0.0,-0.0"}, "DP": {"RY": "-0.0,0.0,-0.0002827712242", "UX": "0.0001318681319,0.0022673285637", "UZ": "-0.0,0.0,-0.0002827712242,-0.0003767660911"}, "S": {"Sinf": "-0.0,27.6923076923", "Ssup": "27.6923076923"}, "EFm": {"FX": "0,1.4;0.0359999999999999,0.0359999999999999", "FZ": "0,1.4;-1.35525271560688e-19,-1.35525271560688e-19", "MY": "0,1.4;-5.42101086242752e-20,1.35525271560688e-19"}, "DPm": {"RY": "0,0.399999999999999,1.4;-0.000282771224207446,-0.000282771224207446,-0.0002827712242074463", "UX": "0,1.4;0.00226732856372917,0.0024519439483445546", "UZ": "0,1.4;-0.000376766091051805,-0.0007726458049422294"}, "Sm": {"Sinf": "0,1.4;27.6923076923077,27.692307692307494", "Ssup": "0,1.4;27.6923076923076,27.6923076923076"}}}, {"model": "RDM.bar", "pk": 6, "fields": {"modified_date": "2020-03-01T09:44:50.589Z", "project": 3, "name": 5, "N1": 5, "N2": 8, "Release": 4, "Section": 3, "L": 2.0, "Ch": "[\"0\", \"0\", \"0\"]", "Qg": "[\"-0.000753532182103609\", \"-0.0018163383172672\", \"0.000231893054271467\", \"-0.000289746073560673\", \"-0.00147348117441006\", \"0.000231893054271468\"]", "Ql": "[\"0.0018163383172672\", \"-0.000753532182103609\", \"0.000231893054271467\", \"0.00147348117441006\", \"-0.000289746073560673\", \"0.000231893054271468\"]", "Rg": "[\"-8.13151629364128e-20\", \"-0.0468\", \"-3.3881317890172e-20\", \"-4.06575814682064e-20\", \"0.0468\", \"1.35525271560688e-20\"]", "Rl": "[\"0.0468\", \"-8.13151629364128e-20\", \"-3.3881317890172e-20\", \"-0.0468\", \"-4.06575814682064e-20\", \"1.35525271560688e-20\"]", "EF": {"FX": "0.0468", "FZ": "-0.0", "MY": "0.0,-0.0"}, "DP": {"RY": "-0.0,0.0,0.0002318930543", "UX": "0.0001714285714,0.0018163383173", "UZ": "-0.0,0.0,0.0002318930543,-0.0007535321821"}, "S": {"Sinf": "-0.0,36.0", "Ssup": "36.0"}, "EFm": {"FX": "0,2.0;0.0468,0.0468", "FZ": "0,2.0;-8.13151629364128e-20,-8.13151629364128e-20", "MY": "0,2.0;-3.3881317890172e-20,1.287490079826536e-19"}, "DPm": {"RY": "0,0.416666666666665,2.0;0.000231893054271467,0.000231893054271467,0.00023189305427146652", "UX": "0,2.0;0.0018163383172672,0.002159195460124342", "UZ": "0,2.0;-0.000753532182103609,-0.0002897460735606752"}, "Sm": {"Sinf": "0,2.0;36.0,35.99999999999982", "Ssup": "0,2.0;36.0,36.0"}}}, {"model": "RDM.bar", "pk": 7, "fields": {"modified_date": "2020-03-01T09:44:50.568Z", "project": 3, "name": 6, "N1": 3, "N2": 7, "Release": 4, "Section": 3, "L": 2.44131112314674, "Ch": "[\"0\", \"0\", \"0\"]", "Qg": "[\"0.0\", \"0.0\", \"-0.000880391020997756\", \"-0.000772645804942229\", \"-0.00208271317911378\", \"-0.000880391020997783\"]", "Ql": "[\"0.0\", \"0.0\", \"-0.000880391020997756\", \"0.000561381475667189\", \"-0.00214930839228036\", \"-0.000880391020997783\"]", "Rg": "[\"-0.0514285714285713\", \"0.0359999999999999\", \"1.35525271560688e-19\", \"0.0514285714285713\", \"-0.0359999999999999\", \"2.16840434497101e-19\"]", "Rl": "[\"-0.0627765717380589\", \"3.25260651745651e-19\", \"1.35525271560688e-19\", \"0.0627765717380589\", \"-5.14996031930615e-19\", \"2.16840434497101e-19\"]", "EF": {"FX": "-0.0627765717381", "FZ": "0.0", "MY": "-0.0,0.0"}, "DP": {"RY": "0.0,-0.0,-0.000880391021", "UX": "-0.0002299508122,0.0", "UZ": "0.0,-0.0,-0.000880391021,0.0"}, "S": {"Sinf": "0.0,-48.2896705677", "Ssup": "-48.2896705677"}, "EFm": {"FX": "0,2.4413111231467406;-0.0627765717380589,-0.0627765717380589", "FZ": "0,2.4413111231467406;3.25260651745651e-19,3.25260651745651e-19", "MY": "0,2.4413111231467406;1.35525271560688e-19,-6.58537175467928e-19"}, "DPm": {"RY": "0,0.416666666666666,2.4413111231467406;-0.000880391020997756,-0.000880391020997756,-0.0008803910209977527", "UX": "0,2.4413111231467406;-0.0,-0.0005613814756671887", "UZ": "0,2.4413111231467406;0.0,-0.002149308392280335"}, "Sm": {"Sinf": "0,2.4413111231467406;-48.2896705677378,-48.28967056773694", "Ssup": "0,2.4413111231467406;-48.2896705677376,-48.2896705677376"}}}, {"model": "RDM.bar", "pk": 8, "fields": {"modified_date": "2020-03-01T09:44:50.543Z", "project": 3, "name": 7, "N1": 7, "N2": 5, "Release": 4, "Section": 3, "L": 2.44131112314674, "Ch": "[\"0\", \"0\", \"0\"]", "Qg": "[\"-0.000772645804942229\", \"-0.00208271317911378\", \"8.48977603555513e-05\", \"-0.000753532182103609\", \"-0.0018163383172672\", \"8.48977603555537e-05\"]", "Ql": "[\"-0.00182733368899479\", \"-0.00126314184295104\", \"8.48977603555513e-05\", \"-0.00165891924629464\", \"-0.00105587999626478\", \"8.48977603555537e-05\"]", "Rg": "[\"-0.0154285714285714\", \"-0.0108\", \"1.52465930505774e-20\", \"0.0154285714285714\", \"0.0108\", \"-4.06575814682064e-20\"]", "Rl": "[\"-0.0188329715214176\", \"-1.11808349037568e-19\", \"1.52465930505774e-20\", \"0.0188329715214176\", \"-4.40457132572236e-20\", \"-4.06575814682064e-20\"]", "EF": {"FX": "-0.0188329715214", "FZ": "-0.0", "MY": "0.0,0.0"}, "DP": {"RY": "-0.0,-0.0,8.48977604e-05", "UX": "-6.89852437e-05,-0.001827333689", "UZ": "-0.0,-0.0,8.48977604e-05,-0.001263141843"}, "S": {"Sinf": "-0.0,-14.4869011703", "Ssup": "-14.4869011703"}, "EFm": {"FX": "0,2.4413111231467406;-0.0188329715214176,-0.0188329715214176", "FZ": "0,2.4413111231467406;-1.11808349037568e-19,-1.11808349037568e-19", "MY": "0,2.4413111231467406;1.52465930505774e-20,2.8820555921666535e-19"}, "DPm": {"RY": "0,2.4413111231467406;8.48977603555513e-05,8.48977603555494e-05", "UX": "0,2.4413111231467406;-0.00182733368899479,-0.001995748131694946", "UZ": "0,2.4413111231467406;-0.00126314184295104,-0.001055879996264788"}, "Sm": {"Sinf": "0,2.4413111231467406;-14.4869011703212,-14.486901170321497", "Ssup": "0,2.4413111231467406;-14.4869011703212,-14.4869011703212"}}}, {"model": "RDM.bar", "pk": 9, "fields": {"modified_date": "2020-03-01T09:44:50.520Z", "project": 3, "name": 8, "N1": 7, "N2": 8, "Release": 4, "Section": 3, "L": 2.08806130178211, "Ch": "[\"0\", \"0\", \"0\"]", "Qg": "[\"-0.000772645804942229\", \"-0.00208271317911378\", \"0.000345918313815687\", \"-0.000289746073560673\", \"-0.00147348117441006\", \"0.000345918313815677\"]", "Ql": "[\"-0.000141597232880014\", \"-0.00221689556587355\", \"0.000345918313815687\", \"0.000145875294592513\", \"-0.0014945969212173\", \"0.000345918313815677\"]", "Rg": "[\"-0.036\", \"0.0108\", \"0.0\", \"0.036\", \"-0.0108\", \"0.0\"]", "Rl": "[\"-0.0375851034320779\", \"-1.0842021724855e-19\", \"0.0\", \"0.0375851034320779\", \"1.35525271560688e-20\", \"0.0\"]", "EF": {"FX": "-0.0375851034321", "FZ": "-0.0", "MY": "0.0,0.0"}, "DP": {"RY": "-0.0,0.0,0.0003459183138", "UX": "-0.0001376743715,-0.0001415972329", "UZ": "-0.0,0.0,0.0003459183138,-0.0022168955659"}, "S": {"Sinf": "-0.0,-28.9116180247", "Ssup": "-28.9116180247"}, "EFm": {"FX": "0,2.08806130178211;-0.0375851034320779,-0.0375851034320779", "FZ": "0,2.08806130178211;-1.0842021724855e-19,-1.0842021724855e-19", "MY": "0,2.08806130178211;0.0,2.263880599675065e-19"}, "DPm": {"RY": "0,2.08806130178211;0.000345918313815687,0.00034591831381568575", "UX": "0,2.08806130178211;-0.000141597232880014,-0.00042906976035254104", "UZ": "0,2.08806130178211;-0.00221689556587355,-0.0014945969212172947"}, "Sm": {"Sinf": "0,2.08806130178211;-28.9116180246753,-28.911618024675544", "Ssup": "0,2.08806130178211;-28.9116180246753,-28.9116180246753"}}}, {"model": "RDM.bar", "pk": 10, "fields": {"modified_date": "2020-03-01T09:44:50.500Z", "project": 3, "name": 9, "N1": 8, "N2": 6, "Release": 4, "Section": 3, "L": 2.82842712474619, "Ch": "[\"0\", \"0\", \"0\"]", "Qg": "[\"-0.000289746073560673\", \"-0.00147348117441006\", \"0.000550250886672322\", \"-0.00101726844583987\", \"0.0\", \"0.000550250886672307\"]", "Ql": "[\"-0.001246789943813\", \"-0.000837027116939144\", \"0.000550250886672322\", \"-0.000719317416340474\", \"0.000719317416340474\", \"0.000550250886672307\"]", "Rg": "[\"-0.0359999999999999\", \"-0.0359999999999999\", \"0.0\", \"0.0359999999999999\", \"0.0359999999999999\", \"5.42101086242752e-20\"]", "Rl": "[\"-0.0509116882454313\", \"-1.21972744404619e-19\", \"0.0\", \"0.0509116882454313\", \"5.42101086242752e-20\", \"5.42101086242752e-20\"]", "EF": {"FX": "-0.0509116882454", "FZ": "-0.0", "MY": "0.0,0.0"}, "DP": {"RY": "-0.0,0.0,0.0005502508867", "UX": "-0.0001864897005,-0.0012467899438", "UZ": "-0.0,0.0,0.0005502508867,-0.0008370271169"}, "S": {"Sinf": "-0.0,-39.1628371119", "Ssup": "-39.1628371119"}, "EFm": {"FX": "0,2.8284271247461903;-0.0509116882454313,-0.0509116882454313", "FZ": "0,2.8284271247461903;-1.21972744404619e-19,-1.21972744404619e-19", "MY": "0,2.8284271247461903;0.0,3.449910187537585e-19"}, "DPm": {"RY": "0,2.8284271247461903;0.000550250886672322,0.0005502508866723195", "UX": "0,2.8284271247461903;-0.001246789943813,-0.0017742624712855253", "UZ": "0,2.8284271247461903;-0.000837027116939144,0.0007193174163404912"}, "Sm": {"Sinf": "0,2.8284271247461903;-39.1628371118702,-39.16283711187058", "Ssup": "0,2.8284271247461903;-39.1628371118702,-39.1628371118702"}}}, {"model": "RDM.bar", "pk": 11, "fields": {"modified_date": "2020-03-01T09:45:05.851Z", "project": 4, "name": 1, "N1": 9, "N2": 13, "Release": 1, "Section": 4, "L": 2.82842712474619, "Ch": "[\"0\", \"0\", \"0\"]", "Qg": "[\"-0.0207430820261992\", \"0.0\", \"-0.003270145215932\", \"-0.0145240836872222\", \"-0.00624761517720546\", \"-0.00280966970527281\"]", "Ql": "[\"-0.0146675739634342\", \"0.0146675739634342\", \"-0.003270145215932\", \"-0.0146878091238017\", \"0.00585234700770977\", \"-0.00280966970527281\"]", "Rg": "[\"-1.64798730217797e-15\", \"0.0467857142857088\", \"0.0\", \"2.90392709878518e-15\", \"-0.04678571428571\", \"0.093571428571426\"]", "Rl": "[\"0.0330824958340799\", \"0.0330824958340822\", \"0.0\", \"-0.0330824958340799\", \"-0.033082495834084\", \"0.093571428571426\"]", "EF": {"FX": "0.0330824958341", "FZ": "0.0330824958341", "MY": "-0.0330824958341,0.0"}, "DP": {"RY": "5.75594388e-05,0.0,-0.0032701452159", "UX": "7.1542096e-06,-0.0146675739634", "UZ": "1.91864796e-05,0.0,-0.0032701452159,0.0146675739634"}, "S": {"Sinf": "24.1749643096,1.502384007", "Ssup": "1.502384007"}, "EFm": {"FX": "0,2.8284271247461903;0.0330824958340799,0.0330824958340799", "FZ": "0,2.8284271247461903;0.0330824958340822,0.0330824958340822", "MY": "0,2.8284271247461903;-0.0,-0.09357142857142094"}, "DPm": {"RY": "0,2.8284271247461903;-0.003270145215932,-0.002809669705272915", "UX": "0,2.8284271247461903;-0.0146675739634342,-0.014647338803066696", "UZ": "0,2.8284271247461903;0.0146675739634342,0.005852347007709646"}, "Sm": {"Sinf": "0,2.8284271247461903;1.50238400699727,69.87950880004664", "Ssup": "0,2.8284271247461903;1.50238400699727,1.50238400699727"}}}, {"model": "RDM.bar", "pk": 12, "fields": {"modified_date": "2020-03-01T09:45:05.831Z", "project": 4, "name": 2, "N1": 13, "N2": 10, "Release": 1, "Section": 4, "L": 2.82842712474619, "Ch": "[\"0\", \"0\", \"0\"]", "Qg": "[\"-0.0145240836872222\", \"-0.00624761517720546\", \"-0.00280966970527281\", \"-0.0100096411527012\", \"-0.0107784413977352\", \"-0.00162508766640159\"]", "Ql": "[\"-0.0146878091238017\", \"0.00585234700770977\", \"-0.00280966970527281\", \"-0.0146993941392793\", \"-0.000543623866641435\", \"-0.00162508766640159\"]", "Rg": "[\"3.53883589099269e-16\", \"0.0267857142857149\", \"-0.0935714285714248\", \"5.10008701937181e-16\", \"-0.0267857142857157\", \"0.147142857142858\"]", "Rl": "[\"0.0189403602103546\", \"0.0189403602103541\", \"-0.0935714285714248\", \"-0.0189403602103546\", \"-0.0189403602103553\", \"0.147142857142858\"]", "EF": {"FX": "0.0189403602104", "FZ": "0.0189403602104", "MY": "-0.0189403602104,-0.0935714285714"}, "DP": {"RY": "3.29538772e-05,0.0003256053562,-0.0028096697053", "UX": "4.0959215e-06,-0.0146878091238", "UZ": "1.09846257e-05,0.0001628026781,-0.0028096697053,0.0058523470077"}, "S": {"Sinf": "13.8406284215,69.2372683085", "Ssup": "0.8601435155"}, "EFm": {"FX": "0,2.8284271247461903;0.0189403602103546,0.0189403602103546", "FZ": "0,2.8284271247461903;0.0189403602103541,0.0189403602103541", "MY": "0,2.8284271247461903;-0.0935714285714248,-0.1471428571428538"}, "DPm": {"RY": "0,2.8284271247461903;-0.00280966970527281,-0.001625087666401667", "UX": "0,2.8284271247461903;-0.0146878091238017,-0.014676224108324119", "UZ": "0,2.8284271247461903;0.00585234700770977,-0.000543623866641532"}, "Sm": {"Sinf": "0,2.8284271247461903;69.2372683085087,108.38447715949465", "Ssup": "0,2.8284271247461903;0.860143515456612,0.860143515456612"}}}, {"model": "RDM.bar", "pk": 13, "fields": {"modified_date": "2020-03-01T09:45:05.815Z", "project": 4, "name": 3, "N1": 10, "N2": 14, "Release": 1, "Section": 4, "L": 3.0, "Ch": "[\"0\", \"0\", \"0\"]", "Qg": "[\"-0.0100096411527012\", \"-0.0107784413977352\", \"-0.00162508766640159\", \"-0.0100096411527012\", \"-0.0130476187791457\", \"0.000173819787941377\"]", "Ql": "[\"-0.0100096411527012\", \"-0.0107784413977352\", \"-0.00162508766640159\", \"-0.0100096411527012\", \"-0.0130476187791457\", \"0.000173819787941377\"]", "Rg": "[\"-1.77635683940025e-15\", \"0.0267857142857148\", \"-0.147142857142858\", \"1.77635683940025e-15\", \"0.00321428571428559\", \"0.182500000000003\"]", "Rl": "[\"-1.77635683940025e-15\", \"0.0267857142857148\", \"-0.147142857142858\", \"1.77635683940025e-15\", \"0.00321428571428559\", \"0.182500000000003\"]", "EF": {"FX": "-0.0", "FZ": "-0.01,0.0267857142857", "MY": "0.005,-0.0267857142857,-0.1471428571429"}, "DP": {"RY": "-5.7995865e-06,4.66038201e-05,0.0005120206364,-0.0016250876664", "UX": "-0.0,-0.0100096411527", "UZ": "-1.4498966e-06,1.55346067e-05,0.0002560103182,-0.0016250876664,-0.0107784413977"}, "S": {"Sinf": "-3.6537394928,19.5736044255,107.524333644", "Ssup": "-0.0"}, "EFm": {"FX": "0,3.0;-1.77635683940025e-15,-1.77635683940025e-15", "FZ": "0,3.0;0.0267857142857148,-0.0032142857142851977", "MY": "0,2.67857142857148,3.0;-0.147142857142858,-0.183016581632655,-0.18250000000000238"}, "DPm": {"RY": "0,3.0;-0.00162508766640159,0.00017381978794133463", "UX": "0,3.0;-0.0100096411527012,-0.010009641152701202", "UZ": "0,2.72676280353406,3.0;-0.0107784413977352,-0.0130713767272285,-0.013047618779145762"}, "Sm": {"Sinf": "0,2.67857142857149,3.0;107.524333644041,133.738982428184,133.36149148569274", "Ssup": "0,3.0;-8.06701561943801e-14,-8.06701561943801e-14"}}}, {"model": "RDM.bar", "pk": 14, "fields": {"modified_date": "2020-03-01T09:45:05.786Z", "project": 4, "name": 4, "N1": 14, "N2": 11, "Release": 1, "Section": 4, "L": 3.0, "Ch": "[\"0\", \"0\", \"0\"]", "Qg": "[\"-0.0100096411527012\", \"-0.0130476187791457\", \"0.000173819787941377\", \"-0.0100096411527012\", \"-0.010031922965673\", \"0.00171547415554929\"]", "Ql": "[\"-0.0100096411527012\", \"-0.0130476187791457\", \"0.000173819787941377\", \"-0.0100096411527012\", \"-0.010031922965673\", \"0.00171547415554929\"]", "Rg": "[\"0.0\", \"-0.0232142857142852\", \"-0.182500000000003\", \"0.0\", \"0.0232142857142842\", \"0.112857142857151\"]", "Rl": "[\"0.0\", \"-0.0232142857142852\", \"-0.182500000000003\", \"0.0\", \"0.0232142857142842\", \"0.112857142857151\"]", "EF": {"FX": "0.0", "FZ": "-0.0232142857143", "MY": "0.0232142857143,-0.1825"}, "DP": {"RY": "-4.03899774e-05,0.0006350547214,0.0001738197879", "UX": "-0.0100096411527", "UZ": "-1.34633258e-05,0.0003175273607,0.0001738197879,-0.0130476187791"}, "S": {"Sinf": "-16.9637905021,133.3614914857", "Ssup": "0.0"}, "EFm": {"FX": "0,3.0;0,0", "FZ": "0,3.0;-0.0232142857142852,-0.0232142857142852", "MY": "0,3.0;-0.182500000000003,-0.11285714285714739"}, "DPm": {"RY": "0,3.0;0.000173819787941377,0.0017154741555492764", "UX": "0,3.0;-0.0100096411527012,-0.0100096411527012", "UZ": "0,3.0;-0.0130476187791457,-0.010031922965673009"}, "Sm": {"Sinf": "0,3.0;133.361491485693,82.4701199794128", "Ssup": "0,3.0;0,0"}}}, {"model": "RDM.bar", "pk": 15, "fields": {"modified_date": "2020-03-01T09:45:05.768Z", "project": 4, "name": 5, "N1": 11, "N2": 15, "Release": 1, "Section": 4, "L": 2.82842712474619, "Ch": "[\"0\", \"0\", \"0\"]", "Qg": "[\"-0.0100096411527012\", \"-0.010031922965673\", \"0.00171547415554929\", \"-0.00562734722839166\", \"-0.00563542984682262\", \"0.00259775929429314\"]", "Ql": "[\"1.57556210495071e-05\", \"-0.0141715258936874\", \"0.00171547415554929\", \"5.71527430227349e-06\", \"-0.0079639860448764\", \"0.00259775929429314\"]", "Rg": "[\"-2.41126563160776e-15\", \"-0.0232142857142812\", \"-0.112857142857151\", \"3.11729808633032e-15\", \"0.0232142857142819\", \"0.0664285714285808\"]", "Rl": "[\"0.0164149788489685\", \"-0.0164149788489719\", \"-0.112857142857151\", \"-0.0164149788489685\", \"0.0164149788489729\", \"0.0664285714285808\"]", "EF": {"FX": "0.016414978849", "FZ": "-0.016414978849", "MY": "0.016414978849,-0.1128571428572"}, "DP": {"RY": "-2.85600269e-05,0.000392714857,0.0017154741555", "UX": "3.5497986e-06,1.5755621e-05", "UZ": "-9.520009e-06,0.0001963574285,0.0017154741555,-0.0141715258937"}, "S": {"Sinf": "-11.9952112987,83.2155776928", "Ssup": "0.7454577134"}, "EFm": {"FX": "0,2.8284271247461903;0.0164149788489685,0.0164149788489685", "FZ": "0,2.8284271247461903;-0.0164149788489719,-0.0164149788489719", "MY": "0,2.8284271247461903;-0.112857142857151,-0.06642857142858388"}, "DPm": {"RY": "0,2.8284271247461903;0.00171547415554929,0.002597759294293206", "UX": "0,2.8284271247461903;1.57556210495071e-05,2.5795967796740683e-05", "UZ": "0,2.8284271247461903;-0.0141715258936874,-0.007963986044876359"}, "Sm": {"Sinf": "0,2.8284271247461903;83.215577692811,49.28799668862671", "Ssup": "0,2.8284271247461903;0.745457713395481,0.745457713395481"}}}, {"model": "RDM.bar", "pk": 16, "fields": {"modified_date": "2020-03-01T09:45:05.748Z", "project": 4, "name": 6, "N1": 15, "N2": 12, "Release": 1, "Section": 4, "L": 2.82842712474619, "Ch": "[\"0\", \"0\", \"0\"]", "Qg": "[\"-0.00562734722839166\", \"-0.00563542984682262\", \"0.00259775929429314\", \"0.0\", \"0.0\", \"0.00292466175605876\"]", "Ql": "[\"5.71527430227349e-06\", \"-0.0079639860448764\", \"0.00259775929429314\", \"0.0\", \"0.0\", \"0.00292466175605876\"]", "Rg": "[\"-0.0100000000000011\", \"-0.0232142857142877\", \"-0.0664285714285809\", \"0.0100000000000022\", \"0.0232142857142888\", \"0.0\"]", "Rl": "[\"0.00934391103710853\", \"-0.0234860466608411\", \"-0.0664285714285809\", \"-0.00934391103710853\", \"0.0234860466608426\", \"0.0\"]", "EF": {"FX": "0.0093439110371", "FZ": "-0.0234860466608", "MY": "0.0234860466608,-0.0664285714286"}, "DP": {"RY": "-4.08628077e-05,0.0002311549475,0.0025977592943", "UX": "2.0206546e-06,5.7152743e-06", "UZ": "-1.36209359e-05,0.0001155774738,0.0025977592943,-0.0079639860449"}, "S": {"Sinf": "-17.1623792427,48.9668764429", "Ssup": "0.4243374676"}, "EFm": {"FX": "0,2.8284271247461903;0.00934391103710853,0.00934391103710853", "FZ": "0,2.8284271247461903;-0.0234860466608411,-0.0234860466608411", "MY": "0,2.8284271247461903;-0.0664285714285809,-3.247402347028583e-15"}, "DPm": {"RY": "0,2.8284271247461903;0.00259775929429314,0.00292466175605884", "UX": "0,2.8284271247461903;5.71527430227349e-06,1.143054860454698e-05", "UZ": "0,2.8284271247461903;-0.0079639860448764,9.259086553026208e-17"}, "Sm": {"Sinf": "0,2.8284271247461903;48.9668764428543,0.4243374676277085", "Ssup": "0,2.8284271247461903;0.424337467625274,0.424337467625274"}}}, {"model": "RDM.bar", "pk": 17, "fields": {"modified_date": "2020-03-01T09:45:22.167Z", "project": 5, "name": 1, "N1": 16, "N2": 17, "Release": 1, "Section": 5, "L": 5.0, "Ch": "[\"0\", \"0\", \"0\"]", "Qg": "[\"0.0\", \"0.0\", \"-0.0016280897179696\", \"0.00814044858984777\", \"-0.000103621527327245\", \"-0.00180932679598329\"]", "Ql": "[\"0.0\", \"0.0\", \"-0.0016280897179696\", \"-0.000103621527327245\", \"-0.00814044858984777\", \"-0.00180932679598329\"]", "Rg": "[\"-0.012500000000003\", \"0.0958333333333289\", \"2.77555756156289e-17\", \"-0.0374999999999972\", \"-0.0958333333333289\", \"-0.0624999999999849\"]", "Rl": "[\"0.0958333333333289\", \"0.012500000000003\", \"2.77555756156289e-17\", \"-0.0958333333333289\", \"0.0374999999999972\", \"-0.0624999999999849\"]", "EF": {"FX": "0.0958333333333", "FZ": "-0.01,0.0125", "MY": "0.005,-0.0125,0.0"}, "DP": {"RY": "-5.7995865e-06,2.17484494e-05,-0.0,-0.001628089718", "UX": "2.07243055e-05,0.0", "UZ": "-1.4498966e-06,7.2494831e-06,-0.0,-0.001628089718,0.0"}, "S": {"Sinf": "-3.6537394928,9.1343487319,4.3521041477", "Ssup": "4.3521041477"}, "EFm": {"FX": "0,5.0;0.0958333333333289,0.0958333333333289", "FZ": "0,5.0;0.012500000000003,-0.037499999999997", "MY": "0,1.25000000000030,5.0;2.77555756156289e-17,-0.00781250000000372,0.062499999999985026"}, "DPm": {"RY": "0,2.50000000000060,5.0;-0.0016280897179696,-0.00158278044846611,-0.0018093267959832919", "UX": "0,5.0;0.0,0.0001036215273272445", "UZ": "0,5.0;0.0,-0.008140448589847787"}, "Sm": {"Sinf": "0,1.25000000000030,5.0;4.35210414774425,10.0610721051824,-41.31963951172785", "Ssup": "0,5.0;4.35210414774427,4.35210414774427"}}}, {"model": "RDM.bar", "pk": 18, "fields": {"modified_date": "2020-03-01T09:45:22.148Z", "project": 5, "name": 2, "N1": 17, "N2": 18, "Release": 2, "Section": 5, "L": 3.0, "Ch": "[\"0\", \"0\", \"0\"]", "Qg": "[\"0.00814044858984777\", \"-0.000103621527327245\", \"-0.00180932679598329\", \"0.00809016962267507\", \"-0.00559684726336187\", \"-0.00174408144789819\"]", "Ql": "[\"0.00814044858984777\", \"-0.000103621527327245\", \"-0.00180932679598329\", \"0.00809016962267507\", \"-0.00559684726336187\", \"-0.00174408144789819\"]", "Rg": "[\"0.0774999999999988\", \"0.095833333333329\", \"0.062499999999985\", \"-0.0774999999999988\", \"0.0541666666666726\", \"-1.2490009027033e-16\"]", "Rl": "[\"0.0774999999999988\", \"0.095833333333329\", \"0.062499999999985\", \"-0.0774999999999988\", \"0.0541666666666726\", \"-1.2490009027033e-16\"]", "EF": {"FX": "0.0775", "FZ": "-0.05,0.0958333333333", "MY": "0.025,-0.0958333333333,0.0625"}, "DP": {"RY": "-2.89979325e-05,0.0001667381118,-0.0002174844936,-0.001809326796", "UX": "1.67596557e-05,0.0081404485898", "UZ": "-7.2494831e-06,5.55793706e-05,-0.0001087422468,-0.001809326796,-0.0001036215273"}, "S": {"Sinf": "-18.2686974638,70.0300069445,-42.1522159574", "Ssup": "3.5195277021"}, "EFm": {"FX": "0,3.0;0.0774999999999988,0.0774999999999988", "FZ": "0,3.0;0.095833333333329,-0.054166666666671026", "MY": "0,1.91666666666658,3.0;0.062499999999985,-0.0293402777777844,-1.9984014443252818e-15"}, "DPm": {"RY": "0,0.833333333333119,3.0;-0.00180932679598329,-0.00189155472952656,-0.0017440814478982213", "UX": "0,3.0;0.00814044858984777,0.008190727557020468", "UZ": "0,3.0;-0.000103621527327245,-0.005596847263361923"}, "Sm": {"Sinf": "0,1.91666666666658,3.0;-42.1522159573832,24.9598740311290,3.5195277020902154", "Ssup": "0,3.0;3.51952770208896,3.51952770208896"}}}, {"model": "RDM.bar", "pk": 19, "fields": {"modified_date": "2020-03-01T09:45:22.124Z", "project": 5, "name": 3, "N1": 18, "N2": 19, "Release": 3, "Section": 5, "L": 3.0, "Ch": "[\"0\", \"0\", \"0\"]", "Qg": "[\"0.00809016962267507\", \"-0.00559684726336187\", \"0.00227049533839548\", \"0.00803989065550237\", \"-0.000220758906045015\", \"0.000639361636270979\"]", "Ql": "[\"0.00809016962267507\", \"-0.00559684726336187\", \"0.00227049533839548\", \"0.00803989065550237\", \"-0.000220758906045015\", \"0.000639361636270979\"]", "Rg": "[\"0.0775000000000006\", \"-0.0541666666666728\", \"-1.38777878078145e-17\", \"-0.0775000000000006\", \"0.204166666666671\", \"-0.387500000000013\"]", "Rl": "[\"0.0775000000000006\", \"-0.0541666666666728\", \"-1.38777878078145e-17\", \"-0.0775000000000006\", \"0.204166666666671\", \"-0.387500000000013\"]", "EF": {"FX": "0.0775", "FZ": "-0.05,-0.0541666666667", "MY": "0.025,0.0541666666667,-0.0"}, "DP": {"RY": "-2.89979325e-05,-9.42432806e-05,0.0,0.0022704953384", "UX": "1.67596557e-05,0.0080901696227", "UZ": "-7.2494831e-06,-3.14144269e-05,0.0,0.0022704953384,-0.0055968472634"}, "S": {"Sinf": "-18.2686974638,-39.5821778382,3.5195277021", "Ssup": "3.5195277021"}, "EFm": {"FX": "0,3.0;0.0775000000000006,0.0775000000000006", "FZ": "0,3.0;-0.0541666666666728,-0.20416666666667282", "MY": "0,3.0;-1.38777878078145e-17,0.3875000000000184"}, "DPm": {"RY": "0,3.0;0.00227049533839548,0.0006393616362709856", "UX": "0,3.0;0.00809016962267507,0.008140448589847771", "UZ": "0,3.0;-0.00559684726336187,-0.0002207589060449959"}, "Sm": {"Sinf": "0,3.0;3.51952770208905,-279.64528298672025", "Ssup": "0,3.0;3.51952770208904,3.51952770208904"}}}, {"model": "RDM.bar", "pk": 20, "fields": {"modified_date": "2020-03-01T09:45:22.102Z", "project": 5, "name": 4, "N1": 19, "N2": 20, "Release": 1, "Section": 5, "L": 5.0, "Ch": "[\"0\", \"0\", \"0\"]", "Qg": "[\"0.00803989065550237\", \"-0.000220758906045015\", \"0.000639361636270979\", \"0.0\", \"0.0\", \"-0.0027316480147862\"]", "Ql": "[\"0.000220758906045015\", \"0.00803989065550237\", \"0.000639361636270979\", \"0.0\", \"0.0\", \"-0.0027316480147862\"]", "Rg": "[\"0.0775000000000014\", \"-0.204166666666671\", \"0.387500000000013\", \"-0.0775000000000014\", \"0.204166666666671\", \"2.22044604925031e-16\"]", "Rl": "[\"0.204166666666671\", \"0.0775000000000014\", \"0.387500000000013\", \"-0.204166666666671\", \"-0.0775000000000014\", \"2.22044604925031e-16\"]", "EF": {"FX": "0.2041666666667", "FZ": "0.0775", "MY": "-0.0775,0.3875"}, "DP": {"RY": "0.000134840386,-0.0013484038604,0.0006393616363", "UX": "4.41517812e-05,0.000220758906", "UZ": "4.49467953e-05,-0.0006742019302,0.0006393616363,0.0080398906555"}, "S": {"Sinf": "56.6329621378,-273.8929366349", "Ssup": "9.2718740539"}, "EFm": {"FX": "0,5.0;0.204166666666671,0.204166666666671", "FZ": "0,5.0;0.0775000000000014,0.0775000000000014", "MY": "0,5.0;0.387500000000013,5.995204332975845e-15"}, "DPm": {"RY": "0,5.0;0.000639361636270979,-0.0027316480147862717", "UX": "0,5.0;0.000220758906045015,0.000441517812090029", "UZ": "0,0.499068791598438,5.0;0.00803989065550237,0.00819663986674625,-1.734723475976807e-16"}, "Sm": {"Sinf": "0,5.0;-273.892936634915,9.271874053886052", "Ssup": "0,5.0;9.2718740538906,9.2718740538906"}}}, {"model": "RDM.dl", "pk": 1, "fields": {"modified_date": "2020-01-14T21:24:24.742Z", "project": 2, "name": "UL20", "type": "Uniform_Load", "Axes": "G", "features": {"MY": 0, "PX": 0, "PZ": -0.02}, "bars": [1]}}, {"model": "RDM.dl", "pk": 2, "fields": {"modified_date": "2020-01-14T21:24:25.863Z", "project": 4, "name": "q", "type": "Uniform_Load", "Axes": "G", "features": {"MY": 0, "PX": 0, "PZ": -0.01}, "bars": [13]}}, {"model": "RDM.dl", "pk": 3, "fields": {"modified_date": "2020-01-14T21:24:26.296Z", "project": 5, "name": "q1", "type": "Uniform_Load", "Axes": "G", "features": {"MY": 0, "PX": 0.01, "PZ": 0}, "bars": [17]}}, {"model": "RDM.dl", "pk": 4, "fields": {"modified_date": "2020-01-14T21:24:26.318Z", "project": 5, "name": "q2", "type": "Uniform_Load", "Axes": "G", "features": {"MY": 0, "PX": 0, "PZ": -0.05}, "bars": [18, 19]}}]